part_type,seller,price,in_stock,brand,title,url
air filter,GE Trading,79.00,False,,Air Filter Chevrolet Optra [High Tech] (Made in China) (96553450),https://www.getradingeg.com/shop/maintenance-products-air-filters-24/f430-air-filter-chevrolet-optra-high-tech-made-in-china-96553450-9489
air filter,Tawfiqia,95.00,True,,فلتر هواء شيفروليه اوبترا شكل قديم,https://tawfiqia.com/ar/product-detail/فلتر-هواء-شيفروليه-اوبترا-موديل-2014-2018/4732
air filter,GE Trading,99.00,False,,Air Filter Chevrolet New Optra [Azab] (Made in China) (CH-CH0010),https://www.getradingeg.com/shop/maintenance-products-air-filters-24/f015-air-filter-chevrolet-new-optra-azab-made-in-china-ch-ch0010-12992
air filter,GE Trading,114.00,False,,Air Filter chevrolet Optra [Azab](made in China),https://www.getradingeg.com/shop/maintenance-products-air-filters-24/f702-air-filter-chevrolet-optra-azab-made-in-china-13667
air filter,N Auto Express,165.30,True,JPN,JPN Air Filter Compatible With Chevrolet Optra,https://nautoexpress.com/products/jpn-air-filter-compatible-with-chevrolet-optra
air filter,AutoSpare,170.00,True,AZAB,فلتر هواء شيفروليه اوبترا,https://autospare.com.eg/products/%D9%81%D9%84%D8%AA%D8%B1-%D9%87%D9%88%D8%A7%D8%A1-%D8%B4%D9%8A%D9%81%D8%B1%D9%88%D9%84%D9%8A%D9%87-%D8%A7%D9%88%D8%A8%D8%AA%D8%B1%D8%A7-2
air filter,AutoSpare,180.00,True,TOP,فلتر هواء شيفروليه نيو اوبترا,https://autospare.com.eg/products/%D9%81%D9%84%D8%AA%D8%B1-%D9%87%D9%88%D8%A7%D8%A1-%D9%86%D9%8A%D9%88-%D8%A7%D9%88%D8%A8%D8%AA%D8%B1%D8%A7
air filter,Zait and Filters,195.00,True,AZAB,فلتر هواء شيفروليه اوبترا 2014 2015 2016 2017 2018 2019 2020 2021 2022 2023 AZAB,https://zaitandfilters.com/products/%D9%81%D9%84%D8%AA%D8%B1-%D9%87%D9%88%D8%A7%D8%A1-%D8%B4%D9%8A%D9%81%D8%B1%D9%88%D9%84%D9%8A%D9%87-%D8%A7%D9%88%D8%A8%D8%AA%D8%B1%D8%A7-2014-2015-2016-2017-2018-2019-2020-2021-2022-2023-AZAB
air filter,Zait and Filters,200.00,True,HIGH TECH,فلتر هواء شيفروليه اوبترا 2004 2005 2006 2007 2008 2009 2010 2011 2012 2013 2014 HIGH TECH,https://zaitandfilters.com/products/%D9%81%D9%84%D8%AA%D8%B1-%D9%87%D9%88%D8%A7%D8%A1-%D8%B4%D9%8A%D9%81%D8%B1%D9%88%D9%84%D9%8A%D9%87-%D8%A7%D9%88%D8%A8%D8%AA%D8%B1%D8%A7-2004-2005-2006-2007-2008-2009-2010-2011-2012-2013-2014-HIGH-TECH
air filter,Zait and Filters,220.00,True,AZAB,فلتر هواء شيفروليه اوبترا 2004 2005 2006 2007 2008 2009 2010 2011 2012 2013 2014 AZAB,https://zaitandfilters.com/products/%D9%81%D9%84%D8%AA%D8%B1-%D9%87%D9%88%D8%A7%D8%A1-%D8%B4%D9%8A%D9%81%D8%B1%D9%88%D9%84%D9%8A%D9%87-%D8%A7%D9%88%D8%A8%D8%AA%D8%B1%D8%A7-2004-2005-2006-2007-2008-2009-2010-2011-2012-2013-2014-AZAB
air filter,N Auto Express,239.40,True,N Auto Express,Air Filter For Chevrolet Optra - New Optra,https://nautoexpress.com/products/air-filter-for-chevrolet-optra-new-optra
air filter,Zait and Filters,240.00,True,ISQ,فلتر هواء شيفروليه اوبترا 2014 2015 2016 2017 2018 2019 2020 2021 2022 2023 ISQ,https://zaitandfilters.com/products/air-filter-isq-chevrolet-optra-2d4b19d3
air filter,AutoSpare,250.00,True,GM,فلتر هواء شيفروليه اوبترا,https://autospare.com.eg/products/%D9%81%D9%84%D8%AA%D8%B1-%D9%87%D9%88%D8%A7%D8%A1-%D8%B4%D9%8A%D9%81%D8%B1%D9%88%D9%84%D9%8A%D9%87-%D8%A7%D9%88%D8%A8%D8%AA%D8%B1%D8%A7-1
air filter,AutoSpare,250.00,True,,فلتر هواء شيفروليه اوبترا,https://autospare.com.eg/products/%D9%81%D9%84%D8%AA%D8%B1-%D9%87%D9%88%D8%A7%D8%A1-%D8%B4%D9%8A%D9%81%D8%B1%D9%88%D9%84%D9%8A%D9%87-%D8%A7%D9%88%D8%A8%D8%AA%D8%B1%D8%A7-4
air filter,Jumia Egypt,250.00,,General,General Air Filter For New Optra Cars,https://www.jumia.com.eg/general-air-filter-for-new-optra-cars-134182853.html
air filter,Amazon Egypt,275.00,,,Optra Air Conditioner Filter 2007-2013,https://www.amazon.eg/dp/B0D1VX7T65
air filter,AutoSpare,280.00,False,AUTOM FILTER,فلتر هواء شيفروليه اوبترا,https://autospare.com.eg/products/fltr-hoaaa-shyfrolyh-aobtra
air filter,Egy Car Parts,292.50,True,After-Market,فلتر هواء ما بعد البيع صيني (شيفروليه أوبترا),https://egycarparts.com/products/after-market-air-filter-chinese-chevrolet-optra
air filter,AutoSpare,300.00,True,AZAB,فلتر هواء شيفروليه نيو اوبترا,https://autospare.com.eg/products/%D9%81%D9%84%D8%AA%D8%B1-%D9%87%D9%88%D8%A7%D8%A1-%D8%B4%D9%8A%D9%81%D8%B1%D9%88%D9%84%D9%8A%D9%87-%D9%86%D9%8A%D9%88-%D8%A7%D9%88%D8%A8%D8%AA%D8%B1%D8%A7
air filter,AutoSpare,300.00,True,,فلتر هواء شيفروليه نيو اوبترا,https://autospare.com.eg/products/%D9%81%D9%84%D8%AA%D8%B1-%D9%87%D9%88%D8%A7%D8%A1-%D8%B4%D9%8A%D9%81%D8%B1%D9%88%D9%84%D9%8A%D9%87-%D9%86%D9%8A%D9%88-%D8%A7%D9%88%D8%A8%D8%AA%D8%B1%D8%A7-1
air filter,AutoSpare,300.00,True,AUTO FILTER,فلتر هواء شيفروليه اوبترا,https://autospare.com.eg/products/%D9%81%D9%84%D8%AA%D8%B1-%D9%87%D9%88%D8%A7%D8%A1-%D8%B4%D9%8A%D9%81%D8%B1%D9%88%D9%84%D9%8A%D9%87-%D8%A7%D9%88%D8%A8%D8%AA%D8%B1%D8%A7
air filter,YourParts,315.00,,ماركة بديلة," ماركة بديلة - 
فلتر هواء كوري | شيفرولية اوبترا (2003 - 2013)",https://www.yourparts.com/products/56457
air filter,AutoSpare,350.00,True,ONNURI,فلتر هواء شيفروليه اوبترا,https://autospare.com.eg/products/%D9%81%D9%84%D8%AA%D8%B1-%D9%87%D9%88%D8%A7%D8%A1-%D8%B4%D9%8A%D9%81%D8%B1%D9%88%D9%84%D9%8A%D9%87-%D8%A7%D9%88%D8%A8%D8%AA%D8%B1%D8%A7-3
air filter,AutoSpare,350.00,True,,فلتر هواء شيفروليه اوبترا,https://autospare.com.eg/products/%D9%81%D9%84%D8%AA%D8%B1-%D9%87%D9%88%D8%A7%D8%A1-%D8%B4%D9%8A%D9%81%D8%B1%D9%88%D9%84%D9%8A%D9%87-%D8%A7%D9%88%D8%A8%D8%AA%D8%B1%D8%A7-5
air filter,Egy Car Parts,390.00,True,After-Market,فلتر هواء ما بعد البيع كوري (شيفروليه أوبترا),https://egycarparts.com/products/after-market-air-filter-korean-chevrolet-optra
air filter,Zait and Filters,390.00,True,MANDO,فلتر هواء شيفروليه اوبترا 2004 2005 2006 2007 2008 2009 2010 2011 2012 2013 2014 MANDO,https://zaitandfilters.com/products/%D9%81%D9%84%D8%AA%D8%B1-%D9%87%D9%88%D8%A7%D8%A1-%D8%B4%D9%8A%D9%81%D8%B1%D9%88%D9%84%D9%8A%D9%87-%D8%A7%D9%88%D8%A8%D8%AA%D8%B1%D8%A7-2004-2005-2006-2007-2008-2009-2010-2011-2012-2013-2014-MANDO
air filter,AutoSpare,420.00,True,,فلتر هواء شيفروليه اوبترا GP50,https://autospare.com.eg/products/%D9%81%D9%84%D8%AA%D8%B1-%D9%87%D9%88%D8%A7%D8%A1-%D8%B4%D9%8A%D9%81%D8%B1%D9%88%D9%84%D9%8A%D9%87-%D8%A7%D9%88%D8%A8%D8%AA%D8%B1%D8%A7-gp50
air filter,Tawfiqia,650.00,False,,علبة فلتر هواء كامل الاصلى شفرولية اوبترا 2004 / 2013,https://tawfiqia.com/ar/product-detail/علبة-فلتر-هواء-كامل-الاصلى-شفرولية-اوبترا-2004-2013/1921
battery,AutoSpare,240.00,True,SARA,قواطيش بطاريه 600 شيفروليه اوبترا,https://autospare.com.eg/products/%D9%82%D9%88%D8%A7%D8%B7%D9%8A%D8%B4-%D8%A8%D8%B7%D8%A7%D8%B1%D9%8A%D9%87-600-%D8%B4%D9%8A%D9%81%D8%B1%D9%88%D9%84%D9%8A%D9%87-%D8%A7%D9%88%D8%A8%D8%AA%D8%B1%D8%A7
battery,AutoSpare,600.00,True,MOBIS,قاعدة بطارية شيفروليه اوبترا,https://autospare.com.eg/products/%D9%82%D8%A7%D8%B9%D8%AF%D8%A9-%D8%A8%D8%B7%D8%A7%D8%B1%D9%8A%D8%A9-%D8%B4%D9%8A%D9%81%D8%B1%D9%88%D9%84%D9%8A%D9%87-%D8%A7%D9%88%D8%A8%D8%AA%D8%B1%D8%A7
battery,AutoSpare,6200.00,True,EL CATALOG,بطارية 100 امبير \ ساعة 12 فولت شيفروليه اوبترا,https://autospare.com.eg/products/%D8%A8%D8%B7%D8%A7%D8%B1%D9%8A%D8%A9-100-%D8%A7%D9%85%D8%A8%D9%8A%D8%B1--%D8%B3%D8%A7%D8%B9%D8%A9-12-%D9%81%D9%88%D9%84%D8%AA-%D8%B4%D9%8A%D9%81%D8%B1%D9%88%D9%84%D9%8A%D9%87-%D8%A7%D9%88%D8%A8%D8%AA%D8%B1%D8%A7
battery,AutoSpare,6200.00,True,EL CATALOG,بطارية 135 امبير \ساعة 12 فولت شيفروليه اوبترا,https://autospare.com.eg/products/%D8%A8%D8%B7%D8%A7%D8%B1%D9%8A%D8%A9-135-%D8%A7%D9%85%D8%A8%D9%8A%D8%B1-%D8%B3%D8%A7%D8%B9%D8%A9-12-%D9%81%D9%88%D9%84%D8%AA-%D8%B4%D9%8A%D9%81%D8%B1%D9%88%D9%84%D9%8A%D9%87-%D8%A7%D9%88%D8%A8%D8%AA%D8%B1%D8%A7
battery,AutoSpare,7100.00,True,EL CATALOG,بطارية 150 امبير\ساعة 12 فولت شيفروليه اوبترا,https://autospare.com.eg/products/%D8%A8%D8%B7%D8%A7%D8%B1%D9%8A%D9%89-150-%D8%A7%D9%85%D8%A8%D9%8A%D8%B1%D8%B3%D8%A7%D8%B9%D8%A9-12-%D9%81%D9%88%D9%84%D8%AA-%D8%B4%D9%8A%D9%81%D8%B1%D9%88%D9%84%D9%8A%D9%87-%D8%A7%D9%88%D8%A8%D8%AA%D8%B1%D8%A7
belt,AutoSpare,180.00,True,GSP,سير باور 4PK613 شيفروليه نيو اوبترا,https://autospare.com.eg/products/%D8%B3%D9%8A%D8%B1-%D8%A8%D8%A7%D9%88%D8%B1-4pk613-%D8%B4%D9%8A%D9%81%D8%B1%D9%88%D9%84%D9%8A%D9%87-%D9%86%D9%8A%D9%88-%D8%A7%D9%88%D8%A8%D8%AA%D8%B1%D8%A7-1
belt,AutoSpare,190.00,True,DONGIL,سير باور 4PK613 شيفروليه نيو اوبترا,https://autospare.com.eg/products/%D8%B3%D9%8A%D8%B1-%D8%A8%D8%A7%D9%88%D8%B1-4pk613-%D8%B4%D9%8A%D9%81%D8%B1%D9%88%D9%84%D9%8A%D9%87-%D9%86%D9%8A%D9%88-%D8%A7%D9%88%D8%A8%D8%AA%D8%B1%D8%A7
belt,AutoSpare,200.00,True,DONGIL,سير باور 4PK610 شيفروليه نيو اوبترا,https://autospare.com.eg/products/%D8%B3%D9%8A%D8%B1-%D8%A8%D8%A7%D9%88%D8%B1-4pk610-%D8%B4%D9%8A%D9%81%D8%B1%D9%88%D9%84%D9%8A%D9%87-%D9%86%D9%8A%D9%88-%D8%A7%D9%88%D8%A8%D8%AA%D8%B1%D8%A7
belt,AutoSpare,210.00,True,DAYCO,سير باور 4PK610 نيو اوبترا,https://autospare.com.eg/products/%D8%B3%D9%8A%D8%B1-%D8%A8%D8%A7%D9%88%D8%B1-4pk610-%D9%86%D9%8A%D9%88-%D8%A7%D9%88%D8%A8%D8%AA%D8%B1%D8%A7
belt,AutoSpare,220.00,True,BANDO,سير باور 4PK610 شيفروليه نيو اوبترا,https://autospare.com.eg/products/%D8%B3%D9%8A%D8%B1-%D8%A8%D8%A7%D9%88%D8%B1-4pk610-%D8%B4%D9%8A%D9%81%D8%B1%D9%88%D9%84%D9%8A%D9%87-%D9%86%D9%8A%D9%88-%D8%A7%D9%88%D8%A8%D8%AA%D8%B1%D8%A7-1
belt,AutoSpare,250.00,True,,سير باور شيفروليه نيو اوبترا,https://autospare.com.eg/products/%D8%B3%D9%8A%D8%B1-%D8%A8%D8%A7%D9%88%D8%B1-%D8%B4%D9%8A%D9%81%D8%B1%D9%88%D9%84%D9%8A%D9%87-%D9%86%D9%8A%D9%88-%D8%A7%D9%88%D8%A8%D8%AA%D8%B1%D8%A7
belt,Zait and Filters,320.00,True,DONGIL,سير باور 4PK610 شيفروليه اوبترا 2014 2015 2016 2017 2018 2019 2020 2021 2022 2023 DONGIL,https://zaitandfilters.com/products/%D8%B3%D9%8A%D8%B1-%D8%A8%D8%A7%D9%88%D8%B1-4PK610-%D8%B4%D9%8A%D9%81%D8%B1%D9%88%D9%84%D9%8A%D9%87-%D8%A7%D9%88%D8%A8%D8%AA%D8%B1%D8%A7-2014-2015-2016-2017-2018-2019-2020-2021-2022-2023-DONGIL
belt,Zait and Filters,335.00,True,DONGIL,سير باور 4PK613 شيفروليه اوبترا 2014 2015 2016 2017 2018 2019 2020 2021 2022 2023 DONGIL,https://zaitandfilters.com/products/%D8%B3%D9%8A%D8%B1-%D8%A8%D8%A7%D9%88%D8%B1-4PK613-%D8%B4%D9%8A%D9%81%D8%B1%D9%88%D9%84%D9%8A%D9%87-%D8%A7%D9%88%D8%A8%D8%AA%D8%B1%D8%A7-2014-2015-2016-2017-2018-2019-2020-2021-2022-2023-DONGIL
belt,Zait and Filters,350.00,True,BANDO,سير باور 4PK610 شيفروليه اوبترا 2014 2015 2016 2017 2018 2019 2020 2021 2022 2023 BANDO,https://zaitandfilters.com/products/%D8%B3%D9%8A%D8%B1-%D8%A8%D8%A7%D9%88%D8%B1-4PK610-%D8%B4%D9%8A%D9%81%D8%B1%D9%88%D9%84%D9%8A%D9%87-%D8%A7%D9%88%D8%A8%D8%AA%D8%B1%D8%A7-2014-2015-2016-2017-2018-2019-2020-2021-2022-2023-BANDO
belt,Tawfiqia,435.00,True,,OPTIBELT سير مجموعة شيفروليه اوبترا,https://tawfiqia.com/ar/product-detail/optibelt-سير-مجموعة-شيفروليه-اوبترا/11119
belt,Tawfiqia,485.00,True,,DAYCO سير مجموعة شيفروليه نيو اوبترا,https://tawfiqia.com/ar/product-detail/dayco-سير-مجموعة-شيفروليه-نيو-اوبترا/11085
belt,AutoSpare,520.00,True,DONGIL,سير مجموعة 6PK1875 شيفروليه اوبترا,https://autospare.com.eg/products/%D8%B3%D9%8A%D8%B1-%D9%85%D8%AC%D9%85%D9%88%D8%B9%D8%A9-6pk1875-%D8%B4%D9%8A%D9%81%D8%B1%D9%88%D9%84%D9%8A%D9%87-%D8%A7%D9%88%D8%A8%D8%AA%D8%B1%D8%A7
belt,AutoSpare,600.00,True,BANDO,سير مجموعة 6PK1875 شيفروليه اوبترا,https://autospare.com.eg/products/%D8%B3%D9%8A%D8%B1-%D9%85%D8%AC%D9%85%D9%88%D8%B9%D8%A9-6pk1875-%D8%B4%D9%8A%D9%81%D8%B1%D9%88%D9%84%D9%8A%D9%87-%D8%A7%D9%88%D8%A8%D8%AA%D8%B1%D8%A7-1
belt,Zait and Filters,600.00,True,DONGIL,سير مجموعة 6PK1800 شيفروليه اوبترا 2014 2015 2016 2017 2018 2019 2020 2021 2022 2023 DONGIL,https://zaitandfilters.com/products/%D8%B3%D9%8A%D8%B1-%D9%85%D8%AC%D9%85%D9%88%D8%B9%D8%A9-6PK1800-%D8%B4%D9%8A%D9%81%D8%B1%D9%88%D9%84%D9%8A%D9%87-%D8%A7%D9%88%D8%A8%D8%AA%D8%B1%D8%A7-2014-2015-2016-2017-2018-2019-2020-2021-2022-2023-DONGIL
belt,Zait and Filters,635.00,True,DONGIL,سير مجموعة 6PK1875 شيفروليه اوبترا 2004 2005 2006 2007 2008 2009 2010 2011 2012 2013 2014 DONGIL,https://zaitandfilters.com/products/%D8%B3%D9%8A%D8%B1-%D9%85%D8%AC%D9%85%D9%88%D8%B9%D8%A9-6PK1875-%D8%B4%D9%8A%D9%81%D8%B1%D9%88%D9%84%D9%8A%D9%87-%D8%A7%D9%88%D8%A8%D8%AA%D8%B1%D8%A7-2004-2005-2006-2007-2008-2009-2010-2011-2012-2013-2014-DONGIL
belt,AutoSpare,650.00,True,,سير مجموعة شيفروليه نيو أوبترا,https://autospare.com.eg/products/%D8%B3%D9%8A%D8%B1-%D9%85%D8%AC%D9%85%D9%88%D8%B9%D8%A9-%D8%B4%D9%8A%D9%81%D8%B1%D9%88%D9%84%D9%8A%D9%87-%D9%86%D9%8A%D9%88-%D8%A3%D9%88%D8%A8%D8%AA%D8%B1%D8%A7
belt,AutoSpare,650.00,True,DAYCO,سير مجموعة 6PK1873 شيفروليه اوبترا,https://autospare.com.eg/products/%D8%B3%D9%8A%D8%B1-%D9%85%D8%AC%D9%85%D9%88%D8%B9%D8%A9-6pk1873-%D8%B4%D9%8A%D9%81%D8%B1%D9%88%D9%84%D9%8A%D9%87-%D8%A7%D9%88%D8%A8%D8%AA%D8%B1%D8%A7
belt,AutoSpare,650.00,True,CONTINENTAL,طقم سير كاتينه 127 عقلة شيفروليه اوبترا,https://autospare.com.eg/products/%D8%B7%D9%82%D9%85-%D8%B3%D9%8A%D8%B1-%D9%83%D8%A7%D8%AA%D9%8A%D9%86%D9%87-127-%D8%B9%D9%82%D9%84%D8%A9-%D8%B4%D9%8A%D9%81%D8%B1%D9%88%D9%84%D9%8A%D9%87-%D8%A7%D9%88%D8%A8%D8%AA%D8%B1%D8%A7
belt,AutoSpare,700.00,True,DONGIL,سير مجموعة شيفروليه اوبترا 2005,https://autospare.com.eg/products/%D8%B3%D9%8A%D8%B1-%D9%85%D8%AC%D9%85%D9%88%D8%B9%D8%A9-%D8%B4%D9%8A%D9%81%D9%88%D8%B1%D9%84%D9%8A%D9%87-%D8%A7%D9%88%D8%A8%D8%AA%D8%B1%D8%A7-2005
belt,AutoSpare,700.00,True,BANDO,سير كاتينه 127 عقلة شيفروليه اوبترا,https://autospare.com.eg/products/%D8%B3%D9%8A%D8%B1-%D9%83%D8%A7%D8%AA%D9%8A%D9%86%D8%A9-127-%D8%B9%D9%82%D9%84%D8%A9-%D8%B4%D9%8A%D9%81%D8%B1%D9%88%D9%84%D9%8A%D9%87-%D8%A7%D9%88%D8%A8%D8%AA%D8%B1%D8%A7
belt,AutoSpare,700.00,True,DONGIL,سير مجموعة شيفروليه نيو أوبترا,https://autospare.com.eg/products/%D8%B3%D9%8A%D8%B1-%D9%85%D8%AC%D9%85%D9%88%D8%B9%D8%A9-%D8%B4%D9%8A%D9%81%D8%B1%D9%88%D9%84%D9%8A%D9%87-%D9%86%D9%8A%D9%88-%D8%A3%D9%88%D8%A8%D8%AA%D8%B1%D8%A7-1
belt,Zait and Filters,715.00,True,BANDO,سير مجموعة 6PK1875 اوبترا 2004 2005 2006 2007 2008 2009 2010 2011 2012 2013 2014 BANDO,https://zaitandfilters.com/products/%D8%B3%D9%8A%D8%B1-%D9%85%D8%AC%D9%85%D9%88%D8%B9%D8%A9-6pk1875-%D8%A3%D9%88%D8%A8%D8%AA%D8%B1%D8%A7-2004-2005-2006-2007-2008-2009-2010-2011-2012-2013-2014-bando
belt,AutoSpare,790.00,True,CONTINENTAL,سير كاتينه 2010 شيفروليه اوبترا,https://autospare.com.eg/products/syr-katynh-2010-shyforlyh-aobtra
belt,Zait and Filters,795.00,True,DONGIL,سير كاتينة شيفروليه اوبترا 2004 2005 2006 2007 2008 2009 2010 2011 2012 2013 2014 DONGIL,https://zaitandfilters.com/products/%D8%B3%D9%8A%D8%B1-%D9%83%D8%A7%D8%AA%D9%8A%D9%86%D8%A9-%D8%B4%D9%8A%D9%81%D8%B1%D9%88%D9%84%D9%8A%D9%87-%D8%A7%D9%88%D8%A8%D8%AA%D8%B1%D8%A7-2004-2005-2006-2007-2008-2009-2010-2011-2012-2013-2014-DONGIL
belt,AutoSpare,800.00,True,CONTINENTAL,سير كاتنيه 127 عقلة شيفروليه اوبترا,https://autospare.com.eg/products/%D8%B3%D9%8A%D8%B1-%D9%83%D8%A7%D8%AA%D9%86%D9%8A%D8%A9-127-%D8%B9%D9%82%D9%84%D8%A9-%D8%B4%D9%8A%D9%81%D8%B1%D9%88%D9%84%D9%8A%D9%87-%D8%A7%D9%88%D8%A8%D8%AA%D8%B1%D8%A7
belt,Zait and Filters,825.00,True,BANDO,سير كاتينة اوبترا 2004 2005 2006 2007 2008 2009 2010 2011 2012 2013 2014 BANDO,https://zaitandfilters.com/products/%D8%B3%D9%8A%D8%B1-%D9%83%D8%A7%D8%AA%D9%8A%D9%86%D8%A9-%D8%A3%D9%88%D8%A8%D8%AA%D8%B1%D8%A7-2004-2005-2006-2007-2008-2009-2010-2011-2012-2013-2014-bando
belt,Zait and Filters,840.00,True,CONTINENTAL,سير كاتينة شيفروليه اوبترا 2004 2005 2006 2007 2008 2009 2010 2011 2012 2013 2014 CONTINENTAL,https://zaitandfilters.com/products/%D8%B3%D9%8A%D8%B1-%D9%83%D8%A7%D8%AA%D9%8A%D9%86%D8%A9-%D8%B4%D9%8A%D9%81%D8%B1%D9%88%D9%84%D9%8A%D9%87-%D8%A7%D9%88%D8%A8%D8%AA%D8%B1%D8%A7-2004-2005-2006-2007-2008-2009-2010-2011-2012-2013-2014-CONTINENTAL
belt,AutoSpare,850.00,True,DONGIL,سير كاتينه 127 عقلة شيفروليه اوبترا 2010,https://autospare.com.eg/products/%D8%B3%D9%8A%D8%B1-%D9%83%D8%A7%D8%AA%D9%8A%D9%86%D9%87-127-%D8%B9%D9%82%D9%84%D8%A9-%D8%B4%D9%8A%D9%81%D9%88%D8%B1%D9%84%D9%8A%D9%87-%D8%A7%D9%88%D8%A8%D8%AA%D8%B1%D8%A7-2010
belt,AutoSpare,1100.00,True,DAYCO,سير كاتينه 127 عقلة شيفروليه اوبترا,https://autospare.com.eg/products/%D8%B3%D9%8A%D8%B1-%D9%83%D8%A7%D8%AA%D9%8A%D9%86%D9%87-%D8%B4%D9%8A%D9%81%D8%B1%D9%88%D9%84%D9%8A%D9%87-%D8%A7%D9%88%D8%A8%D8%AA%D8%B1%D8%A7-2013
belt,AutoSpare,1350.00,True,DAYCO,سير كاتينه شيفروليه اوبترا 2010,https://autospare.com.eg/products/syr-katynh-shyfrolyh-aobtra-2010
belt,GE Trading,3312.00,False,,Belt Kit for Optra 127 teeth Gates (Made in Turkey) (K015419XS)-,https://www.getradingeg.com/shop/maintenance-products-belts-tensioners-13/b316-belt-kit-for-optra-127-teeth-gates-made-in-turkey-k015419xs-8752
brake pad,Tawfiqia,190.00,True,,تيل فرامل خلفى لقم شيفروليه نيو اوبترا yes Q موديل 2013-2018,https://tawfiqia.com/ar/product-detail/تيل-فرامل-خلفى-لقم-شيفروليه-نيو-اوبترا-yes-q-موديل-2013-2018/4381
brake pad,Tawfiqia,270.00,True,,طقم تيل فرامل خلفى لقم HI-Q شيفروليه اوبترا 2004-2014,https://tawfiqia.com/ar/product-detail/طقم-تيل-فرامل-خلفى-لقم-hi-q-شيفروليه-اوبترا-2004-2014/4936
brake pad,Tawfiqia,380.00,True,,تيل فرامل امامي شيفرولية اوبترا موديل 2005-2013,https://tawfiqia.com/ar/product-detail/تيل-فرامل-امامي-شيفرولية-اوبترا-موديل-2005-2013/3897
brake pad,Tawfiqia,440.00,True,,فوجيتا طقم تيل خلفي  اوبترا,https://tawfiqia.com/ar/product-detail/فوجيتا-طقم-تيل-خلفي-اوبترا/8973
brake pad,AutoSpare,550.00,True,,تيل فرامل امامي شيفروليه اوبترا,https://autospare.com.eg/products/%D8%AA%D9%8A%D9%84-%D8%A7%D9%85%D8%A7%D9%85%D9%8A-%D8%B4%D9%8A%D9%81%D8%B1%D9%88%D9%84%D9%8A%D9%87-%D8%A7%D9%88%D8%A8%D8%AA%D8%B1%D8%A7
brake pad,AutoSpare,550.00,True,D NAO,تيل فرامل امامى شيفروليه اوبترا,https://autospare.com.eg/products/%D8%AA%D9%8A%D9%84-%D8%A7%D9%85%D8%A7%D9%85%D9%89-%D8%B4%D9%8A%D9%81%D8%B1%D9%88%D9%84%D9%8A%D9%87-%D8%A7%D9%88%D8%A8%D8%AA%D8%B1%D8%A7
brake pad,GE Trading,555.00,False,,Brake Pads Set Front Chevrolet New Optra [Best Plus] (Made in Korea) (10160),https://www.getradingeg.com/shop/brake-parts-brake-pads-shoes-27/p177-brake-pads-set-front-chevrolet-new-optra-best-plus-made-in-korea-10160-12772
brake pad,Tawfiqia,585.00,True,,طقم تيل خلفي شيفروليه اوبترا MANDO,https://tawfiqia.com/ar/product-detail/طقم-تيل-خلفي-شيفروليه-اوبترا-mando/10478
brake pad,AutoSpare,590.00,True,D-NAO,تيل فرامل خلفي شيفروليه اوبترا,https://autospare.com.eg/products/%D8%AA%D9%8A%D9%84-%D9%81%D8%B1%D8%A7%D9%85%D9%84-%D8%AE%D9%84%D9%81%D9%8A-%D8%B4%D9%8A%D9%81%D8%B1%D9%88%D9%84%D9%8A%D9%87-%D8%A7%D9%88%D8%A8%D8%AA%D8%B1%D8%A7
brake pad,AutoSpare,600.00,True,YN TECH,تيل فرامل خلفي لقم شيفرولية اوبترا,https://autospare.com.eg/products/%D8%AA%D9%8A%D9%84-%D9%81%D8%B1%D8%A7%D9%85%D9%84-%D8%AE%D9%84%D9%81%D9%8A-%D9%84%D9%82%D9%85-%D8%B4%D9%8A%D9%81%D8%B1%D9%88%D9%84%D9%8A-%D8%A7%D9%88%D8%A8%D8%AA%D8%B1%D8%A7
brake pad,AutoSpare,600.00,True,YN,تيل فرامل خلفي لقم نيو اوبترا,https://autospare.com.eg/products/%D8%AA%D9%8A%D9%84-%D9%81%D8%B1%D8%A7%D9%85%D9%84-%D8%AE%D9%84%D9%81%D9%8A-%D9%84%D9%82%D9%85-%D9%86%D9%8A%D9%88-%D8%A7%D9%88%D8%A8%D8%AA%D8%B1%D8%A7
brake pad,Zait and Filters,600.00,True,LUXSY,تيل خلفي بزومبة شيفروليه اوبترا 2004 2005 2006 2007 2008 2009 2010 2011 2012 2013 2014 LUXSY,https://zaitandfilters.com/products/brake-pads-luxsy-chevrolet-optra-aaadef22
brake pad,Zait and Filters,600.00,True,LUXSY,تيل خلفي بدون زومبة شيفروليه اوبترا 2004 2005 2006 2007 2008 2009 2010 2011 2012 2013 2014 LUXSY,https://zaitandfilters.com/products/%D8%AA%D9%8A%D9%84-%D8%AE%D9%84%D9%81%D9%8A-%D8%A8%D8%AF%D9%88%D9%86-%D8%B2%D9%88%D9%85%D8%A8%D8%A9-%D8%B4%D9%8A%D9%81%D8%B1%D9%88%D9%84%D9%8A%D9%87-%D8%A7%D9%88%D8%A8%D8%AA%D8%B1%D8%A7-2004-2005-2006-2007-2008-2009-2010-2011-2012-2013-2014-LUXSY
brake pad,GE Trading,630.00,False,,Brake Pads Set Front Chevrolet New Optra (D-NAO) (Made in Korea) (DPWD-028),https://www.getradingeg.com/shop/brake-parts-brake-pads-shoes-27/p209-brake-pads-set-front-chevrolet-new-optra-d-nao-made-in-korea-dpwd-028-12981
brake pad,GE Trading,630.00,False,,Brake Pads Set Front Chevrolet New Optra [GLOBIS] (Made in Korea) (10160),https://www.getradingeg.com/shop/brake-parts-brake-pads-shoes-27/p210-brake-pads-set-front-chevrolet-new-optra-globis-made-in-korea-10160-13003
brake pad,AutoSpare,650.00,True,JH,تيل فرامل امامى شيفروليه اوبترا,https://autospare.com.eg/products/%D8%AA%D9%8A%D9%84-%D8%A7%D9%85%D8%A7%D9%85%D9%89-%D8%B4%D9%8A%D9%81%D8%B1%D9%88%D9%84%D9%8A%D9%87-%D8%A7%D9%88%D8%A8%D8%AA%D8%B1%D8%A7-1
brake pad,AutoSpare,650.00,True,PHC VALEO,تيل فرامل امامى شيفروليه نيو اوبترا,https://autospare.com.eg/products/%D8%AA%D9%8A%D9%84-%D8%A7%D9%85%D8%A7%D9%85%D9%89-%D8%B4%D9%8A%D9%81%D8%B1%D9%88%D9%84%D9%8A%D9%87-%D9%86%D9%8A%D9%88-%D8%A7%D9%88%D8%A8%D8%AA%D8%B1%D8%A7
brake pad,AutoSpare,650.00,True,YN TECH,تيل فرامل امامي شيفروليه نيو اوبترا,https://autospare.com.eg/products/%D8%AA%D9%8A%D9%84-%D9%81%D8%B1%D8%A7%D9%85%D9%84-%D8%A7%D9%85%D8%A7%D9%85%D9%8A-%D8%B4%D9%8A%D9%81%D8%B1%D9%88%D9%84%D9%8A%D9%87-%D9%86%D9%8A%D9%88-%D8%A7%D9%88%D8%A8%D8%AA%D8%B1%D8%A7
brake pad,AutoSpare,660.00,True,PHC VALEO,تيل فرامل لفي لقم شيفروليه اوبترا,https://autospare.com.eg/products/%D8%AA%D9%8A%D9%84-%D8%AE%D9%84%D9%81%D9%8A-%D9%84%D9%82%D9%85-%D8%B4%D9%8A%D9%81%D8%B1%D9%88%D9%84%D9%8A%D9%87-%D8%A7%D9%88%D8%A8%D8%AA%D8%B1%D8%A7
brake pad,AutoSpare,660.00,True,PHC VALEO,تيل فرامل خلفي لقم نيو اوبترا,https://autospare.com.eg/products/%D8%AA%D9%8A%D9%84-%D8%AE%D9%84%D9%81%D9%8A-%D9%84%D9%82%D9%85-%D9%86%D9%8A%D9%88-%D8%A7%D9%88%D8%A8%D8%AA%D8%B1%D8%A7
brake pad,Zait and Filters,665.00,True,LUXSY,تيل امامي شيفروليه اوبترا 2014 2015 2016 2017 2018 2019 2020 2021 2022 2023 LUXSY,https://zaitandfilters.com/products/%D8%AA%D9%8A%D9%84-%D8%A7%D9%85%D8%A7%D9%85%D9%8A-%D8%B4%D9%8A%D9%81%D8%B1%D9%88%D9%84%D9%8A%D9%87-%D8%A7%D9%88%D8%A8%D8%AA%D8%B1%D8%A7-2014-2015-2016-2017-2018-2019-2020-2021-2022-2023-LUXSY
brake pad,Zait and Filters,685.00,True,YN TECH,تيل امامي شيفروليه اوبترا 2014 2015 2016 2017 2018 2019 2020 2021 2022 2023 YN TECH,https://zaitandfilters.com/products/brake-pads-yn-tech-chevrolet-optra-4f171d65
brake pad,Zait and Filters,695.00,True,D-NAO,تيل امامي شيفروليه اوبترا 2004 2005 2006 2007 2008 2009 2010 2011 2012 2013 2014 D-NAO,https://zaitandfilters.com/products/%D8%AA%D9%8A%D9%84-%D8%A7%D9%85%D8%A7%D9%85%D9%8A-%D8%B4%D9%8A%D9%81%D8%B1%D9%88%D9%84%D9%8A%D9%87-%D8%A7%D9%88%D8%A8%D8%AA%D8%B1%D8%A7-2004-2005-2006-2007-2008-2009-2010-2011-2012-2013-2014-D-NAO
brake pad,AutoSpare,700.00,True,D NAO,تيل فرامل امامى شيفروليه نيو اوبترا,https://autospare.com.eg/products/%D8%AA%D9%8A%D9%84-%D8%A7%D9%85%D8%A7%D9%85%D9%89-%D8%B4%D9%8A%D9%81%D8%B1%D9%88%D9%84%D9%8A%D9%87-%D9%86%D9%8A%D9%88-%D8%A7%D9%88%D8%A8%D8%AA%D8%B1%D8%A7-1
brake pad,AutoSpare,700.00,True,,تيل فرامل امامي سيراميك شيفروليه نيو اوبترا,https://autospare.com.eg/products/%D8%AA%D9%8A%D9%84-%D9%81%D8%B1%D8%A7%D9%85%D9%84-%D8%A7%D9%85%D8%A7%D9%85%D9%8A-%D8%B3%D9%8A%D8%B1%D8%A7%D9%85%D9%8A%D9%83-%D8%B4%D9%8A%D9%81%D8%B1%D9%88%D9%84%D9%8A%D9%87-%D9%86%D9%8A%D9%88-%D8%A7%D9%88%D8%A8%D8%AA%D8%B1%D8%A7
brake pad,Zait and Filters,715.00,True,D-NAO,تيل امامي شيفروليه اوبترا 2014 2015 2016 2017 2018 2019 2020 2021 2022 2023 D-NAO,https://zaitandfilters.com/products/%D8%AA%D9%8A%D9%84-%D8%A7%D9%85%D8%A7%D9%85%D9%8A-%D8%B4%D9%8A%D9%81%D8%B1%D9%88%D9%84%D9%8A%D9%87-%D8%A7%D9%88%D8%A8%D8%AA%D8%B1%D8%A7-2014-2015-2016-2017-2018-2019-2020-2021-2022-2023-D-NAO
brake pad,Zait and Filters,725.00,True,PHC VALEO,تيل خلفي لقم شيفروليه اوبترا 2014 2015 2016 2017 2018 2019 2020 2021 2022 2023 PHC VALEO,https://zaitandfilters.com/products/brake-pads-phc-valeo-chevrolet-optra-90e2dbbc
brake pad,Zait and Filters,725.00,True,PHC VALEO,تيل خلفي شيفروليه اوبترا 2004 2005 2006 2007 2008 2009 2010 2011 2012 2013 2014 PHC VALEO,https://zaitandfilters.com/products/%D8%AA%D9%8A%D9%84-%D8%AE%D9%84%D9%81%D9%8A-%D8%B4%D9%8A%D9%81%D8%B1%D9%88%D9%84%D9%8A%D9%87-%D8%A7%D9%88%D8%A8%D8%AA%D8%B1%D8%A7-2004-2005-2006-2007-2008-2009-2010-2011-2012-2013-2014-PHC-VALEO
brake pad,Zait and Filters,745.00,True,BESER,تيل امامي شيفروليه اوبترا 2004 2005 2006 2007 2008 2009 2010 2011 2012 2013 2014 BESER,https://zaitandfilters.com/products/%D8%AA%D9%8A%D9%84-%D8%A7%D9%85%D8%A7%D9%85%D9%8A-%D8%B4%D9%8A%D9%81%D8%B1%D9%88%D9%84%D9%8A%D9%87-%D8%A7%D9%88%D8%A8%D8%AA%D8%B1%D8%A7-2004-2005-2006-2007-2008-2009-2010-2011-2012-2013-2014-BESER
brake pad,AutoSpare,750.00,True,PHC VALEO,تيل فرامل خلفى شيفروليه اوبترا,https://autospare.com.eg/products/%D8%AA%D9%8A%D9%84-%D8%AE%D9%84%D9%81%D9%89-%D8%B4%D9%8A%D9%81%D8%B1%D9%88%D9%84%D9%8A%D9%87-%D8%A7%D9%88%D8%A8%D8%AA%D8%B1%D8%A7
brake pad,Zait and Filters,770.00,True,HI-Q,تيل امامي شيفروليه اوبترا 2004 2005 2006 2007 2008 2009 2010 2011 2012 2013 2014 HI-Q,https://zaitandfilters.com/products/brake-pads-hi-q-chevrolet-optra-849033ec
brake pad,AutoSpare,790.00,True,HI-Q,تيل فرامل خلفي لقم شيفرولية نيو اوبترا,https://autospare.com.eg/products/%D8%AA%D9%8A%D9%84-%D9%81%D8%B1%D8%A7%D9%85%D9%84-%D8%AE%D9%84%D9%81%D9%8A-%D9%84%D9%82%D9%85-%D8%B4%D9%8A%D9%81%D8%B1%D9%88%D9%84%D9%8A%D8%A9-%D9%86%D9%8A%D9%88-%D8%A7%D9%88%D8%A8%D8%AA%D8%B1%D8%A7
brake pad,Zait and Filters,795.00,True,BEST PLUS,تيل امامي شيفروليه اوبترا 2014 2015 2016 2017 2018 2019 2020 2021 2022 2023 BEST PLUS,https://zaitandfilters.com/products/brake-pads-best-plus-chevrolet-optra-e0dec9ba
brake pad,Zait and Filters,830.00,True,HI-Q,تيل خلفي لقم شيفروليه اوبترا 2014 2015 2016 2017 2018 2019 2020 2021 2022 2023 HI-Q,https://zaitandfilters.com/products/brake-pads-hi-q-chevrolet-optra-ceeb08f9
brake pad,Zait and Filters,830.00,True,HI-Q,تيل خلفي لقم شيفروليه اوبترا 2004 2005 2006 2007 2008 2009 2010 2011 2012 2013 2014 HI-Q,https://zaitandfilters.com/products/%D8%AA%D9%8A%D9%84-%D8%AE%D9%84%D9%81%D9%8A-%D9%84%D9%82%D9%85-%D8%B4%D9%8A%D9%81%D8%B1%D9%88%D9%84%D9%8A%D9%87-%D8%A7%D9%88%D8%A8%D8%AA%D8%B1%D8%A7-2004-2005-2006-2007-2008-2009-2010-2011-2012-2013-2014-HI-Q
brake pad,Egy Car Parts,890.50,True,After-Market,مجموعة ما بعد البيع من وسادات الفرامل الخلفية الكورية (شيفروليه أوبترا),https://egycarparts.com/products/after-market-assembly-brake-pad-rear-korean-chevrolet-optra
brake pad,N Auto Express,912.00,True,N Auto Express,Korean Rear Brake Pad Set Suitable Fits Chevrolet Optra - New Optra,https://nautoexpress.com/products/korean-rear-brake-pad-set-suitable-fits-chevrolet-optra-new-optra
brake pad,Zait and Filters,945.00,True,PHC VALEO,تيل امامي شيفروليه اوبترا 2004 2005 2006 2007 2008 2009 2010 2011 2012 2013 2014 PHC VALEO,https://zaitandfilters.com/products/%D8%AA%D9%8A%D9%84-%D8%A7%D9%85%D8%A7%D9%85%D9%8A-%D8%B4%D9%8A%D9%81%D8%B1%D9%88%D9%84%D9%8A%D9%87-%D8%A7%D9%88%D8%A8%D8%AA%D8%B1%D8%A7-2004-2005-2006-2007-2008-2009-2010-2011-2012-2013-2014-PHC-VALEO
brake pad,AutoSpare,950.00,True,PHC VALEO,تيل فرامل امامى شيفروليه اوبترا,https://autospare.com.eg/products/tyl-amam-shyfrolyh-aobtra
brake pad,Egy Car Parts,1027.00,True,After-Market,مجموعة ما بعد البيع من وسادات الفرامل الأمامية الكورية (شيفروليه أوبترا),https://egycarparts.com/products/after-market-assembly-brake-pad-front-korean-chevrolet-optra
brake pad,Egy Car Parts,1228.50,True,After-Market,مجموعة ما بعد البيع من وسادات الفرامل الأمامية الكورية (شيفروليه أوبترا الجديدة),https://egycarparts.com/products/after-market-assembly-brake-pad-front-korean-chevrolet-new-optra
brake pad,AutoSpare,1300.00,True,HI Q,تيل فرامل يد شيفروليه اوبترا GP50,https://autospare.com.eg/products/%D8%AA%D9%8A%D9%84-%D9%81%D8%B1%D8%A7%D9%85%D9%84-%D9%8A%D8%AF-%D8%B4%D9%8A%D9%81%D8%B1%D9%88%D9%84%D9%8A%D9%87-%D8%A7%D9%88%D8%A8%D8%AA%D8%B1%D8%A7-gp50
brake pad,AutoSpare,1600.00,True,AYD,طقم تيل فرامل خلفي شيفروليه أوبترا,https://autospare.com.eg/products/%D8%B7%D9%82%D9%85-%D8%AA%D9%8A%D9%84-%D9%81%D8%B1%D8%A7%D9%85%D9%84-%D8%AE%D9%84%D9%81%D9%8A-%D8%B4%D9%8A%D9%81%D8%B1%D9%88%D9%84%D9%8A%D9%87-%D8%A3%D9%88%D8%A8%D8%AA%D8%B1%D8%A7
brake pad,Amazon Egypt,2173.98,,,GM Parts 96405129 Premium Brake Pad Suitable For Optra,https://www.amazon.eg/dp/B0C197HXW8
brake pad,Amazon Egypt,2188.97,,,SGMW 23940310 Front Brake Pads Suitable For Optra GP52 With Premium Performance And Long Life Material,https://www.amazon.eg/dp/B0CGQ64S46
brake pad,AutoSpare,2300.00,True,GM,تيل فرامل أمامي شيفروليه اوبترا,https://autospare.com.eg/products/%D8%AA%D9%8A%D9%84-%D8%A3%D9%85%D8%A7%D9%85%D9%8A-%D8%B4%D9%8A%D9%81%D8%B1%D9%88%D9%84%D9%8A%D9%87-%D8%A7%D9%88%D8%A8%D8%AA%D8%B1%D8%A7
brake pad,Amazon Egypt,4368.15,,,GM Parts 24553877 Premium Brake Pad Suitable For New Optra,https://www.amazon.eg/dp/B0C198J2X5
brake shoe,Tawfiqia,850.00,True,,تيل فرامل خلفى قباقيب الاصلى شيفروليه نيو اوبترا موديل 2013-2018,https://tawfiqia.com/ar/product-detail/تيل-فرامل-خلفى-قباقيب-الاصلى-شيفروليه-نيو-اوبترا-موديل-2013-2018/6476
brake shoe,AutoSpare,965.00,True,HI Q,تيل فرامل خلفى قبقاب شيفروليه اوبترا 2004,https://autospare.com.eg/products/%D8%AA%D9%8A%D9%84-%D9%81%D8%B1%D8%A7%D9%85%D9%84-%D8%AE%D9%84%D9%81%D9%89-%D9%82%D8%A8%D9%82%D8%A8%D8%A7%D8%A8-%D8%B4%D9%8A%D9%81%D8%B1%D9%88%D9%84%D9%8A%D9%87-%D8%A7%D9%88%D8%A8%D8%AA%D8%B1%D8%A7
brake shoe,Zait and Filters,970.00,True,HI-Q,تيل خلفي قباقيب شيفروليه اوبترا 2004 2005 2006 2007 2008 2009 2010 2011 2012 2013 2014 HI-Q,https://zaitandfilters.com/products/%D8%AA%D9%8A%D9%84-%D8%AE%D9%84%D9%81%D9%8A-%D9%82%D8%A8%D8%A7%D9%82%D9%8A%D8%A8-%D8%B4%D9%8A%D9%81%D8%B1%D9%88%D9%84%D9%8A%D9%87-%D8%A7%D9%88%D8%A8%D8%AA%D8%B1%D8%A7-2004-2005-2006-2007-2008-2009-2010-2011-2012-2013-2014-HI-Q
brake shoe,AutoSpare,1100.00,True,HQ,تيل فرامل خلفي قبقاب شيفروليه نيو اوبترا,https://autospare.com.eg/products/%D8%AA%D9%8A%D9%84-%D9%81%D8%B1%D8%A7%D9%85%D9%84-%D8%AE%D9%84%D9%81%D9%8A-%D9%82%D8%A8%D9%82%D8%A7%D8%A8-%D8%B4%D9%8A%D9%81%D8%B1%D9%88%D9%84%D9%8A%D9%87-%D9%86%D9%8A%D9%88-%D8%A7%D9%88%D8%A8%D8%AA%D8%B1%D8%A7
brake shoe,AutoSpare,1900.00,True,,تيل فرامل خلفي قبقاب شيفروليه نيو اوبترا,https://autospare.com.eg/products/%D8%AA%D9%8A%D9%84-%D9%81%D8%B1%D8%A7%D9%85%D9%84-%D8%AE%D9%84%D9%81%D9%8A-%D9%82%D8%A8%D9%82%D8%A7%D8%A8-%D8%B4%D9%8A%D9%81%D8%B1%D9%88%D9%84%D9%8A%D8%A9-%D9%86%D9%8A%D9%88-%D8%A7%D9%88%D8%A8%D8%AA%D8%B1%D8%A7
brake shoe,AutoSpare,2990.00,True,,طقم تيل فرامل خلفي قبقاب شيفروليه اوبترا GP50,https://autospare.com.eg/products/%D8%B7%D9%82%D9%85-%D8%AA%D9%8A%D9%84-%D9%81%D8%B1%D8%A7%D9%85%D9%84-%D8%AE%D9%84%D9%81%D9%8A-%D9%82%D8%A8%D9%82%D8%A7%D8%A8-%D8%B4%D9%8A%D9%81%D8%B1%D9%88%D9%84%D9%8A%D9%87-%D8%A7%D9%88%D8%A8%D8%AA%D8%B1%D8%A7-gp50
bulb,AutoSpare,200.00,True,OSRAM,لمبة 2 بول بدون كعب 5\21 وات لمبة واحدة شيفروليه اوبترا,https://autospare.com.eg/products/%D9%84%D9%85%D8%A8%D8%A9-2-%D8%A8%D9%88%D9%84-%D8%A8%D8%AF%D9%88%D9%86-%D9%83%D8%B9%D8%A8-521-%D9%88%D8%A7%D8%AA-%D9%84%D9%85%D8%A8%D8%A9-%D9%88%D8%A7%D8%AD%D8%AF%D8%A9-%D8%B4%D9%8A%D9%81%D8%B1%D9%88%D9%84%D9%8A%D9%87-%D8%A7%D9%88%D8%A8%D8%AA%D8%B1%D8%A7
bulb,AutoSpare,250.00,True,TUNGSRAM,لمبة بدون كعب شيفروليه اوبترا,https://autospare.com.eg/products/%D9%84%D9%85%D8%A8%D8%A9-%D8%A8%D8%AF%D9%88%D9%86-%D9%83%D8%B9%D8%A8-%D8%B4%D9%8A%D9%81%D9%88%D8%B1%D9%84%D9%8A%D9%87-%D8%A7%D9%88%D8%A8%D8%AA%D8%B1%D8%A7
bulb,AutoSpare,250.00,True,OSRAM,لمبة 880 27 وات شيفروليه اوبترا,https://autospare.com.eg/products/%D9%84%D9%85%D8%A8%D8%A9-880-27-%D9%88%D8%A7%D8%AA-%D8%B4%D9%8A%D9%81%D8%B1%D9%88%D9%84%D9%8A%D9%87-%D8%A7%D9%88%D8%A8%D8%AA%D8%B1%D8%A7
bulb,AutoSpare,290.00,True,TUNGSRAM,لمبة هالوجين 55W 1H شيفروليه اوبترا,https://autospare.com.eg/products/%D9%84%D9%85%D8%A8%D8%A9-%D9%87%D8%A7%D9%84%D9%88%D8%AC%D9%8A%D9%86-55w-1h-%D8%B4%D9%8A%D9%81%D8%B1%D9%88%D9%84%D9%8A%D9%87-%D8%A7%D9%88%D8%A8%D8%AA%D8%B1%D8%A7
bulb,AutoSpare,380.00,True,TUNGSRAM,لمبة 27 وات 881 شيفروليه اوبترا,https://autospare.com.eg/products/%D9%84%D9%85%D8%A8%D8%A9-27-%D9%88%D8%A7%D8%AA-881-%D8%B4%D9%8A%D9%81%D8%B1%D9%88%D9%84%D9%8A%D9%87-%D8%A7%D9%88%D8%A8%D8%AA%D8%B1%D8%A7
bulb,AutoSpare,1350.00,True,PHILIPS,طقم 2 لمبة ليد 12 H11 فولت 24 وات شيفروليه اوبترا,https://autospare.com.eg/products/tkm-2-lmb-lyd-12-h11-folt-24-oat-shyfrolyh-aobtra
cabin filter,GE Trading,72.00,False,,A/C Filter Chevrolet Optra 2009 [MS] (Made in Egypt) (CER15-04),https://www.getradingeg.com/shop/maintenance-products-a-c-filters-25/f529-a-c-filter-chevrolet-optra-2009-ms-made-in-egypt-cer15-04-9437
cabin filter,GE Trading,95.00,False,,A/C Filter Chevrolet New Optra [MS] (Made in Egypt) (OC14-MS-9),https://www.getradingeg.com/shop/maintenance-products-a-c-filters-25/f608-a-c-filter-chevrolet-new-optra-ms-made-in-egypt-oc14-ms-9-13157
cabin filter,AutoSpare,110.00,True,,فلتر تكييف شيفرولية نيو اوبترا,https://autospare.com.eg/products/%D9%81%D9%84%D8%AA%D8%B1-%D8%AA%D9%83%D9%8A%D9%8A%D9%81-%D8%B4%D9%8A%D9%81%D8%B1%D9%88%D9%84%D9%8A%D8%A9-%D9%86%D9%8A%D9%88-%D8%A7%D9%88%D8%A8%D8%AA%D8%B1%D8%A7
cabin filter,AutoSpare,150.00,True,SAS,فلتر تكييف شيفروليه اوبترا,https://autospare.com.eg/products/%D9%81%D9%84%D8%AA%D8%B1-%D8%AA%D9%83%D9%8A%D9%8A%D9%81-%D8%B4%D9%8A%D9%81%D8%B1%D9%88%D9%84%D9%8A%D8%A9-%D8%A7%D9%88%D8%A8%D8%AA%D8%B1%D8%A7
cabin filter,AutoSpare,150.00,True,,فلتر تكييف شيفروليه اوبترا,https://autospare.com.eg/products/%D9%81%D9%84%D8%AA%D8%B1-%D8%AA%D9%83%D9%8A%D9%8A%D9%81-%D8%B4%D9%8A%D9%81%D8%B1%D9%88%D9%84%D9%8A%D9%87-%D8%A7%D9%88%D8%A8%D8%AA%D8%B1%D8%A7
cabin filter,GE Trading,158.00,,,A/C Filter Chevrolet New Optra / suzuki SX4[Azab](made in China)(24547652),https://www.getradingeg.com/shop/maintenance-products-a-c-filters-25/f905-a-c-filter-chevrolet-new-optra-suzuki-sx4-azab-made-in-china-24547652-39806
cabin filter,AutoSpare,160.00,True,,فلتر تكييف شيفروليه نيو اوبترا,https://autospare.com.eg/products/%D9%81%D9%84%D8%AA%D8%B1-%D8%AA%D9%83%D9%8A%D9%8A%D9%81-%D8%B4%D9%8A%D9%81%D8%B1%D9%88%D9%84%D9%8A%D9%87-%D9%86%D9%8A%D9%88-%D8%A7%D9%88%D8%A8%D8%AA%D8%B1%D8%A7
cabin filter,Zait and Filters,170.00,True,OEM,فلتر تكييف شيفروليه اوبترا 2014 2015 2016 2017 2018 2019 2020 2021 2022 2023 OEM,https://zaitandfilters.com/products/%D9%81%D9%84%D8%AA%D8%B1-%D8%AA%D9%83%D9%8A%D9%8A%D9%81-%D8%B4%D9%8A%D9%81%D8%B1%D9%88%D9%84%D9%8A%D9%87-%D8%A7%D9%88%D8%A8%D8%AA%D8%B1%D8%A7-2014-2015-2016-2017-2018-2019-2020-2021-2022-2023-OEM
cabin filter,Amazon Egypt,200.00,,,Premium Cabin AC Air Filter for Chevrolet Optra 2015 High Filtration,https://www.amazon.eg/dp/B0HH7N3MLF
cabin filter,Amazon Egypt,230.00,,,Premium Cabin AC Air Filter for Chevrolet Optra 2025 High Filtration,https://www.amazon.eg/dp/B0HH7WPCQX
cabin filter,GE Trading,235.00,,,A/C Filter Chevrolet New Optra / Suzuki SX4 [GO1](made in China)(24547652),https://www.getradingeg.com/shop/maintenance-products-a-c-filters-25/f906-a-c-filter-chevrolet-new-optra-suzuki-sx4-go1-made-in-china-24547652-39807
cabin filter,AutoSpare,250.00,True,AZAB,فلتر تكييف شيفروليه نيو اوبترا,https://autospare.com.eg/products/%D9%81%D9%84%D8%AA%D8%B1-%D8%AA%D9%83%D9%8A%D9%8A%D9%81-%D9%86%D9%8A%D9%88-%D8%A7%D9%88%D8%A8%D8%AA%D8%B1%D8%A7
cabin filter,AutoSpare,250.00,True,,فلتر تكييف شيفروليه اوبترا,https://autospare.com.eg/products/%D9%81%D9%84%D8%AA%D8%B1-%D8%AA%D9%83%D9%8A%D9%8A%D9%81-%D8%B4%D9%8A%D9%81%D8%B1%D9%88%D9%84%D9%8A%D9%87-%D8%A7%D9%88%D8%A8%D8%AA%D8%B1%D8%A7-1
cabin filter,Egy Car Parts,253.50,True,After-Market,فلتر مكيف هواء صيني من السوق الثانوية (شيفروليه أوبترا),https://egycarparts.com/products/after-market-a-c-filter-chinese-chevrolet-optra
cabin filter,AutoSpare,275.00,True,AZAB,فلتر تكييف شيفرولية اوبترا 1.6,https://autospare.com.eg/products/%D9%81%D9%84%D8%AA%D8%B1-%D8%AA%D9%83%D9%8A%D9%8A%D9%81-%D8%B4%D9%8A%D9%81%D8%B1%D9%88%D9%84%D9%8A%D8%A9-%D8%A7%D9%88%D8%A8%D8%AA%D8%B1%D8%A7-16
cabin filter,Amazon Egypt,290.00,,,Cabin AC Air Filter for Chevrolet Optra 2009 with Frame High Filtration,https://www.amazon.eg/dp/B0HH7H2LG8
cabin filter,AutoSpare,300.00,True,YN TECH,فلتر تكييف شيفروليه اوبترا,https://autospare.com.eg/products/fltr-tkyyf-shyfrolyh-aobtra-gp50
cabin filter,Egy Car Parts,325.00,True,After-Market,فلتر مكيف هواء كوري من ما بعد البيع (شيفروليه أوبترا),https://egycarparts.com/products/after-market-a-c-filter-korean-chevrolet-optra
cabin filter,AutoSpare,380.00,True,MANDO,فلتر تكييف شيفرولية اوبترا 1.6,https://autospare.com.eg/products/%D9%81%D9%84%D8%AA%D8%B1-%D8%AA%D9%83%D9%8A%D9%8A%D9%81-%D8%B4%D9%8A%D9%81%D8%B1%D9%88%D9%84%D9%8A%D8%A9-%D8%A7%D9%88%D8%A8%D8%AA%D8%B1%D8%A7-16-1
cabin filter,Egy Car Parts,390.00,True,After-Market,فلتر مكيف الهواء من السوق الثانوية (شيفروليه أوبترا الجديدة),https://egycarparts.com/products/after-market-a-c-filter-chevrolet-new-optra
filter,Tawfiqia,250.00,True,,فلتر زيت فتيس شيفرولية اوبترا 2004-2014,https://tawfiqia.com/ar/product-detail/فلتر-زيت-فتيس-شيفرولية-اوبترا-2004-2014/5287
filter,AutoSpare,300.00,True,GSP,فلتر زيت فتيس شيفروليه اوبترا,https://autospare.com.eg/products/%D9%81%D9%84%D8%AA%D8%B1-%D8%B2%D9%8A%D8%AA-%D9%81%D8%AA%D9%8A%D8%B3-%D8%B4%D9%8A%D9%81%D9%88%D8%B1%D9%84%D9%8A%D9%87-%D8%A7%D9%88%D8%A8%D8%AA%D8%B1%D8%A7
filter,Zait and Filters,330.00,True,HIGH TECH,فلتر زيت فتيس شيفروليه اوبترا 2004 2005 2006 2007 2008 2009 2010 2011 2012 2013 2014 HIGH TECH,https://zaitandfilters.com/products/%D9%81%D9%84%D8%AA%D8%B1-%D8%B2%D9%8A%D8%AA-%D9%81%D8%AA%D9%8A%D8%B3-%D8%B4%D9%8A%D9%81%D8%B1%D9%88%D9%84%D9%8A%D9%87-%D8%A7%D9%88%D8%A8%D8%AA%D8%B1%D8%A7-2004-2005-2006-2007-2008-2009-2010-2011-2012-2013-2014-HIGH-TECH
filter,AutoSpare,350.00,True,YN TECH,فلتر زيت فتيس شيفروليه اوبترا,https://autospare.com.eg/products/%D9%81%D9%84%D8%AA%D8%B1-%D8%B2%D9%8A%D8%AA-%D9%81%D8%AA%D9%8A%D8%B3-%D8%A7%D9%88%D8%A8%D8%AA%D8%B1%D8%A7
filter,AutoSpare,350.00,True,,فلتر زيت فتيس شيفروليه اوبترا,https://autospare.com.eg/products/%D9%81%D9%84%D8%AA%D8%B1-%D8%B2%D9%8A%D8%AA-%D9%81%D8%AA%D9%8A%D8%B3-%D8%B4%D9%8A%D9%81%D8%B1%D9%88%D9%84%D9%8A%D9%87-%D8%A7%D9%88%D8%A8%D8%AA%D8%B1%D8%A7-1
filter,Zait and Filters,350.00,True,YN TECH,فلتر زيت فتيس اوبترا 2004 2005 2006 2007 2008 2009 2010 2011 2012 2013 2014 YN TECH,https://zaitandfilters.com/products/%D9%81%D9%84%D8%AA%D8%B1-%D8%B2%D9%8A%D8%AA-%D9%81%D8%AA%D9%8A%D8%B3-%D8%A3%D9%88%D8%A8%D8%AA%D8%B1%D8%A7-2004-2005-2006-2007-2008-2009-2010-2011-2012-2013-2014-yn-tech
filter,Zait and Filters,390.00,True,GSP,فلتر زيت فتيس اوبترا 2004 2005 2006 2007 2008 2009 2010 2011 2012 2013 2014 GSP,https://zaitandfilters.com/products/%D9%81%D9%84%D8%AA%D8%B1-%D8%B2%D9%8A%D8%AA-%D9%81%D8%AA%D9%8A%D8%B3-%D8%A7%D9%88%D8%A8%D8%AA%D8%B1%D8%A7-2004-2014-GSP
filter,AutoSpare,450.00,True,YN,فلتر زيت فتيس شيفروليه اوبترا,https://autospare.com.eg/products/%D9%81%D9%84%D8%AA%D8%B1-%D8%B2%D9%8A%D8%AA-%D9%81%D8%AA%D9%8A%D8%B3-%D8%B4%D9%8A%D9%81%D8%B1%D9%88%D9%84%D9%8A%D9%87-%D8%A7%D9%88%D8%A8%D8%AA%D8%B1%D8%A7
fuel filter,AutoSpare,110.00,True,,فلتر بنزين شيفروليه اوبترا,https://autospare.com.eg/products/%D9%81%D9%84%D8%AA%D8%B1-%D8%A8%D9%86%D8%B2%D9%8A%D9%86-%D8%B4%D9%8A%D9%81%D8%B1%D9%88%D9%84%D9%8A%D9%87-%D8%A7%D9%88%D8%A8%D8%AA%D8%B1%D8%A7
fuel filter,AutoSpare,110.00,True,,فلتر بنزين شيفروليه نيو اوبترا,https://autospare.com.eg/products/%D9%81%D9%84%D8%AA%D8%B1-%D8%A8%D9%86%D8%B2%D9%8A%D9%86-%D8%B4%D9%8A%D9%81%D8%B1%D9%88%D9%84%D9%8A%D9%87-%D9%86%D9%8A%D9%88-%D8%A7%D9%88%D8%A8%D8%AA%D8%B1%D8%A7-1
fuel filter,AutoSpare,120.00,True,GM,كلبس فلتر بنزين شيفروليه اوبترا,https://autospare.com.eg/products/%D9%83%D9%84%D8%A8%D8%B3-%D9%81%D9%84%D8%AA%D8%B1-%D8%A8%D9%86%D8%B2%D9%8A%D9%86-%D8%B4%D9%8A%D9%81%D8%B1%D9%88%D9%84%D9%8A%D9%87-%D8%A7%D9%88%D8%A8%D8%AA%D8%B1%D8%A7
fuel filter,AutoSpare,150.00,True,,فلتر بنزين شيفروليه اوبترا,https://autospare.com.eg/products/%D9%81%D9%84%D8%AA%D8%B1-%D8%A8%D9%86%D8%B2%D9%8A%D9%86-%D8%B4%D9%8A%D9%81%D8%B1%D9%88%D9%84%D9%8A%D9%87-%D8%A7%D9%88%D8%A8%D8%AA%D8%B1%D8%A7-1
fuel filter,AutoSpare,150.00,True,HD HEAVY DUTY,فلتر بنزين بالكلبس شيفروليه اوبترا,https://autospare.com.eg/products/%D9%81%D9%84%D8%AA%D8%B1-%D8%A8%D9%86%D8%B2%D9%8A%D9%86-%D8%A8%D8%A7%D9%84%D9%83%D9%84%D8%A8%D8%B3-%D8%B4%D9%8A%D9%81%D8%B1%D9%88%D9%84%D9%8A%D9%87-%D8%A7%D9%88%D8%A8%D8%AA%D8%B1%D8%A7
fuel filter,AutoSpare,150.00,True,GSP,فلتر بنزين شيفروليه اوبترا,https://autospare.com.eg/products/%D9%81%D9%84%D8%AA%D8%B1-%D8%A8%D9%86%D8%B2%D9%8A%D9%86-%D8%B4%D9%8A%D9%81%D8%B1%D9%88%D9%84%D9%8A%D9%87-%D8%A7%D9%88%D8%A8%D8%AA%D8%B1%D8%A7-2
fuel filter,AutoSpare,150.00,True,GSP,فلتر بنزين شيفروليه نيو اوبترا,https://autospare.com.eg/products/%D9%81%D9%84%D8%AA%D8%B1-%D8%A8%D9%86%D8%B2%D9%8A%D9%86-%D8%B4%D9%8A%D9%81%D8%B1%D9%88%D9%84%D9%8A%D9%87-%D9%86%D9%8A%D9%88-%D8%A7%D9%88%D8%A8%D8%AA%D8%B1%D8%A7-2
fuel filter,AutoSpare,150.00,True,,فلتر بنزين شيفروليه اوبترا,https://autospare.com.eg/products/%D9%81%D9%84%D8%AA%D8%B1-%D8%A8%D9%86%D8%B2%D9%8A%D9%86-%D8%B4%D9%8A%D9%81%D8%B1%D9%88%D9%84%D9%8A%D9%87-%D8%A7%D9%88%D8%A8%D8%AA%D8%B1%D8%A7-3
fuel filter,Zait and Filters,165.00,True,GSP,فلتر بنزين شيفروليه اوبترا 2014 2015 2016 2017 2018 2019 2020 2021 2022 2023 GSP,https://zaitandfilters.com/products/fuel-filter-gsp-chevrolet-optra-e41e3a38
fuel filter,Zait and Filters,170.00,True,GSP,فلتر بنزين شيفروليه اوبترا 2004 2005 2006 2007 2008 2009 2010 2011 2012 2013 2014 GSP,https://zaitandfilters.com/products/fuel-filter-gsp-chevrolet-optra-097b9aea
fuel filter,Zait and Filters,190.00,True,KOR-TEC,فلتر بنزين شيفروليه اوبترا 2004 2005 2006 2007 2008 2009 2010 2011 2012 2013 2014 KOR-TEC,https://zaitandfilters.com/products/%D9%81%D9%84%D8%AA%D8%B1-%D8%A8%D9%86%D8%B2%D9%8A%D9%86-%D8%B4%D9%8A%D9%81%D8%B1%D9%88%D9%84%D9%8A%D9%87-%D8%A7%D9%88%D8%A8%D8%AA%D8%B1%D8%A7-2004-2005-2006-2007-2008-2009-2010-2011-2012-2013-2014-KOR-TEC
fuel filter,AutoSpare,200.00,True,,فلتر بنزين خارجي شيفروليه نيو أوبترا,https://autospare.com.eg/products/%D9%81%D9%84%D8%AA%D8%B1-%D8%A8%D9%86%D8%B2%D9%8A%D9%86-%D8%AE%D8%A7%D8%B1%D8%AC%D9%8A-%D8%B4%D9%8A%D9%81%D8%B1%D9%88%D9%84%D9%8A%D9%87-%D9%86%D9%8A%D9%88-%D8%A3%D9%88%D8%A8%D8%AA%D8%B1%D8%A7
fuel filter,AutoSpare,200.00,True,,فلتر بنزين شيفروليه اوبترا,https://autospare.com.eg/products/%D9%81%D9%84%D8%AA%D8%B1-%D8%A8%D9%86%D8%B2%D9%8A%D9%86-%D8%B4%D9%8A%D9%81%D8%B1%D9%88%D9%84%D9%8A%D9%87-%D8%A7%D9%88%D8%A8%D8%AA%D8%B1%D8%A7-4
fuel filter,Egy Car Parts,201.50,True,After-Market,فلتر الوقود ما بعد البيع الصيني (شيفروليه أوبترا),https://egycarparts.com/products/after-market-fuel-filter-chinese-chevrolet-optra
fuel filter,AutoSpare,250.00,True,,فلتر بنزين شيفرولية اوبترا,https://autospare.com.eg/products/%D9%81%D9%84%D8%AA%D8%B1-%D8%A8%D9%86%D8%B2%D9%8A%D9%86-%D8%B4%D9%8A%D9%81%D8%B1%D9%88%D9%84%D9%8A%D8%A9-%D8%A7%D9%88%D8%A8%D8%AA%D8%B1%D8%A7
fuel filter,AutoSpare,250.00,True,,فلتر بنزين شيفرولية نيو اوبترا,https://autospare.com.eg/products/%D9%81%D9%84%D8%AA%D8%B1-%D8%A8%D9%86%D8%B2%D9%8A%D9%86-%D8%B4%D9%8A%D9%81%D8%B1%D9%88%D9%84%D9%8A%D8%A9-%D9%86%D9%8A%D9%88-%D8%A7%D9%88%D8%A8%D8%AA%D8%B1%D8%A7
fuel filter,AutoSpare,300.00,True,GM,فلتر بنزين شيفروليه اوبترا,https://autospare.com.eg/products/%D9%81%D9%84%D8%AA%D8%B1-%D8%A8%D9%86%D8%B2%D9%8A%D9%86-%D8%B4%D9%8A%D9%81%D8%B1%D9%88%D9%84%D9%8A%D9%87-%D8%A7%D9%88%D8%A8%D8%AA%D8%B1%D8%A7-6
fuel filter,Egy Car Parts,325.00,True,After-Market,فلتر الوقود (شيفروليه أوبترا),https://egycarparts.com/products/fuel-filter-chevrolet-optra
fuel filter,AutoSpare,400.00,True,BOSCH,فلتر بنزين شيفروليه اوبترا,https://autospare.com.eg/products/fltr-bnzyn-shyfrolyh-aobtra
fuel filter,AutoSpare,450.00,True,منصور,فلتر بنزين شيفرولية اوبترا,https://autospare.com.eg/products/%D9%81%D9%84%D8%AA%D8%B1-%D8%A8%D9%86%D8%B2%D9%8A%D9%86-%D8%B4%D9%8A%D9%81%D8%B1%D9%88%D9%84%D9%8A%D8%A9
fuel filter,AutoSpare,450.00,True,منصور,فلتر بنزين شيفرولية نيو اوبترا,https://autospare.com.eg/products/%D9%81%D9%84%D8%AA%D8%B1-%D8%A8%D9%86%D8%B2%D9%8A%D9%86-%D8%B4%D9%8A%D9%81%D8%B1%D9%88%D9%84%D9%8A%D8%A9-%D9%86%D9%8A%D9%88-%D8%A7%D9%88%D8%A8%D8%AA%D8%B1%D8%A7-1
fuel filter,AutoSpare,450.00,True,BOSCH,فلتر بنزين حديد شيفرولية اوبترا,https://autospare.com.eg/products/%D9%81%D9%84%D8%AA%D8%B1-%D8%A8%D9%86%D8%B2%D9%8A%D9%86-%D8%AD%D8%AF%D9%8A%D8%AF-%D8%B4%D9%8A%D9%81%D8%B1%D9%88%D9%84%D9%8A%D8%A9-%D8%A7%D9%88%D8%A8%D8%AA%D8%B1%D8%A7
fuel filter,AutoSpare,450.00,False,BOSCH,فلتر بنزين حديد شيفرولية نيو اوبترا,https://autospare.com.eg/products/%D9%81%D9%84%D8%AA%D8%B1-%D8%A8%D9%86%D8%B2%D9%8A%D9%86-%D8%AD%D8%AF%D9%8A%D8%AF-%D8%B4%D9%8A%D9%81%D8%B1%D9%88%D9%84%D9%8A%D8%A9-%D9%86%D9%8A%D9%88-%D8%A7%D9%88%D8%A8%D8%AA%D8%B1%D8%A7
fuel filter,AutoSpare,500.00,True,GM,فلتر بنزين شيفروليه نيو اوبترا,https://autospare.com.eg/products/%D9%81%D9%84%D8%AA%D8%B1-%D8%A8%D9%86%D8%B2%D9%8A%D9%86-%D8%B4%D9%8A%D9%81%D8%B1%D9%88%D9%84%D9%8A%D9%87-%D9%86%D9%8A%D9%88-%D8%A7%D9%88%D8%A8%D8%AA%D8%B1%D8%A7
fuel filter,AutoSpare,500.00,True,,فلتر بنزين شيفروليه اوبترا,https://autospare.com.eg/products/%D9%81%D9%84%D8%AA%D8%B1-%D8%A8%D9%86%D8%B2%D9%8A%D9%86-%D8%B4%D9%8A%D9%81%D8%B1%D9%88%D9%84%D9%8A%D9%87-%D8%A7%D9%88%D8%A8%D8%AA%D8%B1%D8%A7-5
fuel filter,AutoSpare,550.00,True,GM,فلتر بنزين شيفروليه اوبترا,https://autospare.com.eg/products/%D9%81%D9%84%D8%AA%D8%B1-%D8%A8%D9%86%D8%B2%D9%8A%D9%86-gp52-%D8%B4%D9%8A%D9%81%D8%B1%D9%88%D9%84%D9%8A%D9%87-%D8%A7%D9%88%D8%A8%D8%AA%D8%B1%D8%A7-gp50
fuel filter,Zait and Filters,550.00,True,BOSCH,فلتر بنزين شيفروليه اوبترا 2004 2005 2006 2007 2008 2009 2010 2011 2012 2013 2014 BOSCH,https://zaitandfilters.com/products/%D9%81%D9%84%D8%AA%D8%B1-%D8%A8%D9%86%D8%B2%D9%8A%D9%86-%D8%B4%D9%8A%D9%81%D8%B1%D9%88%D9%84%D9%8A%D9%87-%D8%A7%D9%88%D8%A8%D8%AA%D8%B1%D8%A7-2004-2005-2006-2007-2008-2009-2010-2011-2012-2013-2014-BOSCH
fuel filter,Zait and Filters,550.00,True,GM,فلتر بنزين شيفروليه اوبترا 2004 2005 2006 2007 2008 2009 2010 2011 2012 2013 2014 GM,https://zaitandfilters.com/products/%D9%81%D9%84%D8%AA%D8%B1-%D8%A8%D9%86%D8%B2%D9%8A%D9%86-%D8%B4%D9%8A%D9%81%D8%B1%D9%88%D9%84%D9%8A%D9%87-%D8%A7%D9%88%D8%A8%D8%AA%D8%B1%D8%A7-2004-2005-2006-2007-2008-2009-2010-2011-2012-2013-2014-GM
fuel filter,AutoSpare,580.00,True,,فلتر بنزين شيفرولية اوبترا,https://autospare.com.eg/products/%D9%81%D9%84%D8%AA%D8%B1-%D8%A8%D9%86%D8%B2%D9%8A%D9%86-%D8%B4%D9%8A%D9%81%D8%B1%D9%88%D9%84%D9%8A%D8%A9-%D8%A7%D9%88%D8%A8%D8%AA%D8%B1%D8%A7-1
fuel filter,Zait and Filters,645.00,True,GM,فلتر بنزين شيفروليه اوبترا 2014 2015 2016 2017 2018 2019 2020 2021 2022 2023 GM,https://zaitandfilters.com/products/%D9%81%D9%84%D8%AA%D8%B1-%D8%A8%D9%86%D8%B2%D9%8A%D9%86-%D8%B4%D9%8A%D9%81%D8%B1%D9%88%D9%84%D9%8A%D9%87-%D8%A7%D9%88%D8%A8%D8%AA%D8%B1%D8%A7-2014-2015-2016-2017-2018-2019-2020-2021-2022-2023-GM
oil filter,GE Trading,102.00,,,Oil Filter Chevrolet New Optra / N200 [MANFIL](made in Egypt)(MAC5229),https://www.getradingeg.com/shop/maintenance-products-oil-filters-20/f937-oil-filter-chevrolet-new-optra-n200-manfil-made-in-egypt-mac5229-39971
oil filter,AutoSpare,120.00,True,POWER MAX,فلتر زيت حديد شيفروليه اوبترا,https://autospare.com.eg/products/%D9%81%D9%84%D8%AA%D8%B1-%D8%B2%D9%8A%D8%AA-%D8%AD%D8%AF%D9%8A%D8%AF-%D8%B4%D9%8A%D9%81%D8%B1%D9%88%D9%84%D9%8A%D9%87-%D8%A7%D9%88%D8%A8%D8%AA%D8%B1%D8%A7-1
oil filter,AutoSpare,140.00,True,,فلتر زيت شيفروليه اوبترا,https://autospare.com.eg/products/%D9%81%D9%84%D8%AA%D8%B1-%D8%B2%D9%8A%D8%AA-%D8%B4%D9%8A%D9%81%D8%B1%D9%88%D9%84%D9%8A%D9%87-%D8%A7%D9%88%D8%A8%D8%AA%D8%B1%D8%A7
oil filter,AutoSpare,140.00,True,,فلتر زيت حديد شيفروليه اوبترا,https://autospare.com.eg/products/%D9%81%D9%84%D8%AA%D8%B1-%D8%B2%D9%8A%D8%AA-%D8%AD%D8%AF%D9%8A%D8%AF-%D8%B4%D9%8A%D9%81%D8%B1%D9%88%D9%84%D9%8A%D9%87-%D8%A7%D9%88%D8%A8%D8%AA%D8%B1%D8%A7-2
oil filter,GE Trading,143.00,False,,Oil Filter Chevrolet New Optra [JHF] (Made in Korea) (JC-D06),https://www.getradingeg.com/shop/maintenance-products-oil-filters-20/f197-oil-filter-chevrolet-new-optra-jhf-made-in-korea-jc-d06-12010
oil filter,Zait and Filters,165.00,True,OEM,فلتر زيت شيفروليه اوبترا 2014 2015 2016 2017 2018 2019 2020 2021 2022 2023 OEM,https://zaitandfilters.com/products/oil-filter-oem-chevrolet-optra-e27ea8c5
oil filter,Zait and Filters,175.00,True,GSP,فلتر زيت حديد شيفروليه اوبترا 2004 2005 2006 2007 2008 2009 2010 2011 2012 2013 2014 GSP,https://zaitandfilters.com/products/%D9%81%D9%84%D8%AA%D8%B1-%D8%B2%D9%8A%D8%AA-%D8%AD%D8%AF%D9%8A%D8%AF-%D8%B4%D9%8A%D9%81%D8%B1%D9%88%D9%84%D9%8A%D9%87-%D8%A7%D9%88%D8%A8%D8%AA%D8%B1%D8%A7-2004-2005-2006-2007-2008-2009-2010-2011-2012-2013-2014-GSP
oil filter,Egy Car Parts,182.00,True,After-Market,فلتر زيت المحرك الكوري المستورد (شيفروليه أوبترا),https://egycarparts.com/products/after-market-engine-oil-filter-korean-chevrolet-optra
oil filter,AutoSpare,200.00,True,MANDO,فلتر زيت حديد شيفروليه اوبترا,https://autospare.com.eg/products/%D9%81%D9%84%D8%AA%D8%B1-%D8%B2%D9%8A%D8%AA-%D8%AD%D8%AF%D9%8A%D8%AF-%D8%B4%D9%8A%D9%81%D8%B1%D9%88%D9%84%D9%8A%D9%87-%D8%A7%D9%88%D8%A8%D8%AA%D8%B1%D8%A7
oil filter,Zait and Filters,210.00,True,MANDO,فلتر زيت حديد شيفروليه اوبترا 2004 2005 2006 2007 2008 2009 2010 2011 2012 2013 2014 MANDO,https://zaitandfilters.com/products/oil-filter-mando-chevrolet-optra-ff574143
oil filter,Zait and Filters,270.00,True,DAEWOO,فلتر زيت حديد شيفروليه اوبترا 2004 2005 2006 2007 2008 2009 2010 2011 2012 2013 2014 DAEWOO,https://zaitandfilters.com/products/oil-filter-daewoo-chevrolet-optra-63b29aef
oil filter,Zait and Filters,299.00,True,GM,فلتر زيت أصلي نيو اوبترا شيفروليه اوبترا 2014 2015 2016 2017 2018 2019 2020 2021 2022 2023 GM,https://zaitandfilters.com/products/%D9%81%D9%84%D8%AA%D8%B1-%D8%B2%D9%8A%D8%AA-%D8%A3%D8%B5%D9%84%D9%8A-%D9%86%D9%8A%D9%88-%D8%A7%D9%88%D8%A8%D8%AA%D8%B1%D8%A7-%D8%B4%D9%8A%D9%81%D8%B1%D9%88%D9%84%D9%8A%D9%87-%D8%A7%D9%88%D8%A8%D8%AA%D8%B1%D8%A7-2014-2015-2016-2017-2018-2019-2020-2021-2022-2023-GM
oil filter,YourParts,320.00,,جي ام ,GMفلتر زيت اصلي | شيفروليه نيواوبترا (2014 - 2024),https://www.yourparts.com/products/36653
oil filter,AutoSpare,350.00,True,GM,فلتر زيت شيفروليه اوبترا,https://autospare.com.eg/products/fltr-zyt-shyfrolyh-aobtra-gp50
oil filter,Zait and Filters,350.00,True,GM,فلتر زيت حديد شيفروليه اوبترا 2004 2005 2006 2007 2008 2009 2010 2011 2012 2013 2014 GM,https://zaitandfilters.com/products/%D9%81%D9%84%D8%AA%D8%B1-%D8%B2%D9%8A%D8%AA-%D8%AD%D8%AF%D9%8A%D8%AF-%D8%B4%D9%8A%D9%81%D8%B1%D9%88%D9%84%D9%8A%D9%87-%D8%A7%D9%88%D8%A8%D8%AA%D8%B1%D8%A7-2004-2005-2006-2007-2008-2009-2010-2011-2012-2013-2014-GM
oil filter,Zait and Filters,350.00,True,YN TECH,فلتر زيت حديد شيفروليه اوبترا 2004 2005 2006 2007 2008 2009 2010 2011 2012 2013 2014 YN TECH,https://zaitandfilters.com/products/%D9%81%D9%84%D8%AA%D8%B1-%D8%B2%D9%8A%D8%AA-%D8%AD%D8%AF%D9%8A%D8%AF-%D8%B4%D9%8A%D9%81%D8%B1%D9%88%D9%84%D9%8A%D9%87-%D8%A7%D9%88%D8%A8%D8%AA%D8%B1%D8%A7-2004-2005-2006-2007-2008-2009-2010-2011-2012-2013-2014-YN-TECH
oil filter,Egy Car Parts,409.50,True,GM,فلتر زيت المحرك الأصلي (شيفروليه أوبترا),https://egycarparts.com/products/gmengine-oil-filter-original-chevrolet-optra
oil filter,Egy Car Parts,409.50,True,GM,فلتر زيت المحرك الأصلي من GME (شيفروليه أوبترا),https://egycarparts.com/products/engine-oil-filter-original-chevrolet-optra-copy
spark plug,GE Trading,94.00,False,,Spark Plug Chevrolet New Optra [Denso] (Made in China) (XU24EPR-U) (3180) //,https://www.getradingeg.com/shop/maintenance-products-spark-plugs-4/sp175-spark-plug-chevrolet-new-optra-denso-made-in-china-xu24epr-u-3180-12847
spark plug,GE Trading,175.00,False,,spark Plug Chevrolet New Optra [Bosch] (0242135802 Box of 4) / (0242135515 Box of 10) (79027) +41,https://www.getradingeg.com/shop/maintenance-products-spark-plugs-4/sp127-spark-plug-chevrolet-new-optra-bosch-0242135802-box-of-4-0242135515-box-of-10-79027-41-12426
spark plug,AutoSpare,250.00,True,A-PART,طقم بوجيهات شيفروليه نيو اوبترا,https://autospare.com.eg/products/%D8%A8%D9%88%D8%AC%D9%8A%D9%87%D8%A7%D8%AA-%D9%86%D9%8A%D9%88-%D8%A7%D9%88%D8%A8%D8%AA%D8%B1%D8%A7
spark plug,YourParts,450.00,,ماركة بديلة,طقم بوجيهات | شيفروليةنيو أوبترا (2014 - 2020),https://www.yourparts.com/products/72934
spark plug,Zait and Filters,460.00,True,BOSCH,طقم بوجيهات 1 شمعة شيفروليه اوبترا 2004 2005 2006 2007 2008 2009 2010 2011 2012 2013 2014 BOSCH,https://zaitandfilters.com/products/spark-plug-bosch-chevrolet-optra-46d08531
spark plug,AutoSpare,480.00,True,NGK,طقم بوجيهات سن مشقوق شيفروليه اوبترا,https://autospare.com.eg/products/%D8%B7%D9%82%D9%85-%D8%A8%D9%88%D8%AC%D9%8A%D9%87%D8%A7%D8%AA-%D8%B3%D9%86-%D9%85%D8%B4%D9%82%D9%88%D9%82-%D8%B4%D9%8A%D9%81%D9%88%D8%B1%D9%84%D9%8A%D9%87-%D8%A7%D9%88%D8%A8%D8%AA%D8%B1%D8%A7
spark plug,YourParts,490.00,,إن جي كيه,NGK طقم بوجيهات ياباني | شيفرولية اوبترا (2003 - 2013),https://www.yourparts.com/products/73041
spark plug,Zait and Filters,490.00,True,NGK,طقم بوجيهات 1 شمعة شيفروليه اوبترا 2004 2005 2006 2007 2008 2009 2010 2011 2012 2013 2014 NGK,https://zaitandfilters.com/products/%D8%B7%D9%82%D9%85-%D8%A8%D9%88%D8%AC%D9%8A%D9%87%D8%A7%D8%AA-1-%D8%B4%D9%85%D8%B9%D8%A9-%D8%B4%D9%8A%D9%81%D8%B1%D9%88%D9%84%D9%8A%D9%87-%D8%A7%D9%88%D8%A8%D8%AA%D8%B1%D8%A7-2004-2005-2006-2007-2008-2009-2010-2011-2012-2013-2014-NGK
spark plug,AutoSpare,500.00,True,NGK,طقم بوجيهات 16 (3783) شيفروليه اوبترا,https://autospare.com.eg/products/%D8%B7%D9%82%D9%85-%D8%A8%D9%88%D8%AC%D9%8A%D9%87%D8%A7%D8%AA-16-3783-%D8%B4%D9%8A%D9%81%D8%B1%D9%88%D9%84%D9%8A%D9%87-%D8%A7%D9%88%D8%A8%D8%AA%D8%B1%D8%A7
spark plug,AutoSpare,500.00,True,NGK,طقم بوجيهات 16 شيفروليه اوبترا,https://autospare.com.eg/products/%D8%A8%D9%88%D8%AC%D9%8A%D8%A9-%D8%A3%D9%88%D8%A8%D8%AA%D8%B1%D8%A7
spark plug,AutoSpare,550.00,True,NGK,طقم بوجيهات 16 العلبة الزرقاء شيفروليه اوبترا,https://autospare.com.eg/products/%D8%B7%D9%82%D9%85-%D8%A8%D9%88%D8%AC%D9%8A%D9%87%D8%A7%D8%AA-16-%D8%A7%D9%84%D8%B9%D9%84%D8%A8%D8%A9-%D8%A7%D9%84%D8%B2%D8%B1%D9%82%D8%A7%D8%A1-%D8%B4%D9%8A%D9%81%D8%B1%D9%88%D9%84%D9%8A%D9%87-%D8%A7%D9%88%D8%A8%D8%AA%D8%B1%D8%A7
spark plug,Zait and Filters,600.00,True,NGK,طقم بوجيهات سن مشقوق شيفروليه اوبترا 2004 2005 2006 2007 2008 2009 2010 2011 2012 2013 2014 NGK,https://zaitandfilters.com/products/spark-plug-ngk-chevrolet-optra-90e23a47
spark plug,Amazon Egypt,616.00,,,6REC-N spark plugs compatible with the new Chevrolet Optra set of 4 pieces.,https://www.amazon.eg/dp/B0HFXRDBZ9
spark plug,Egy Car Parts,637.00,True,NGK,مجموعة شمعات الإشعال NGK يابانية (شيفروليه أوبترا),https://egycarparts.com/products/ngk-spark-plug-set-japanese-chevrolet-optra
spark plug,AutoSpare,650.00,True,NGK,طقم بوجيهات شمعة 216 شيفروليه اوبترا,https://autospare.com.eg/products/%D8%B7%D9%82%D9%85-%D8%A8%D9%88%D8%AC%D9%8A%D9%87%D8%A7%D8%AA-%D8%B4%D9%85%D8%B9%D8%A9-216-%D8%B4%D9%8A%D9%82%D9%88%D8%B1%D9%84%D9%8A%D9%87-%D8%A7%D9%88%D8%A8%D8%AA%D8%B1%D8%A7
spark plug,Amazon Egypt,680.03,,,GM 96130723 Optra-Cruze 2010 Spark Plugs,https://www.amazon.eg/dp/B0CW3C8H7J
spark plug,Egy Car Parts,682.50,True,After-Market,مجموعة أسلاك شمعات الإشعال من السوق الكورية (شيفروليه أوبترا),https://egycarparts.com/products/after-market-spark-plug-wire-set-korean-chevrolet-optra
spark plug,AutoSpare,700.00,True,NGK,طقم بوجيهات شيفروليه اوبترا,https://autospare.com.eg/products/%D8%B7%D9%82%D9%85-%D8%A8%D9%88%D8%AC%D9%8A%D9%87%D8%A7%D8%AA-%D8%B4%D9%8A%D9%81%D9%88%D8%B1%D9%84%D9%8A%D9%87-%D8%A7%D9%88%D8%A8%D8%AA%D8%B1%D8%A7
spark plug,Zait and Filters,770.00,True,NGK,طقم بوجيهات 2 شمعة شيفروليه اوبترا 2004 2005 2006 2007 2008 2009 2010 2011 2012 2013 2014 NGK,https://zaitandfilters.com/products/%D8%B7%D9%82%D9%85-%D8%A8%D9%88%D8%AC%D9%8A%D9%87%D8%A7%D8%AA-2-%D8%B4%D9%85%D8%B9%D8%A9-%D8%B4%D9%8A%D9%81%D8%B1%D9%88%D9%84%D9%8A%D9%87-%D8%A7%D9%88%D8%A8%D8%AA%D8%B1%D8%A7-2004-2005-2006-2007-2008-2009-2010-2011-2012-2013-2014-NGK
spark plug,Zait and Filters,770.00,True,BOSCH,طقم بوجيهات 16 سن 14 شيفروليه اوبترا 2014 2015 2016 2017 2018 2019 2020 2021 2022 2023 BOSCH,https://zaitandfilters.com/products/spark-plug-bosch-chevrolet-optra-730f5a49
spark plug,AutoSpare,800.00,True,BOSCH,طقم بوجيهات 16 سن 14 شيفروليه نيو اوبترا,https://autospare.com.eg/products/%D8%B7%D9%82%D9%85-%D8%A8%D9%88%D8%AC%D9%8A%D9%87%D8%A7%D8%AA-16-%D8%B3%D9%86-14-%D8%B4%D9%8A%D9%81%D8%B1%D9%88%D9%84%D9%8A%D9%87-%D9%86%D9%8A%D9%88-%D8%A7%D9%88%D8%A8%D8%AA%D8%B1%D8%A7
spark plug,AutoSpare,800.00,True,BOSCH,طقم بوجيهات 16 سن 14 شيفروليه نيو اوبترا,https://autospare.com.eg/products/%D8%B7%D9%82%D9%85-%D8%A8%D9%88%D8%AC%D9%8A%D9%87%D8%A7%D8%AA-16-%D8%B3%D9%86-14-%D8%B4%D9%8A%D9%81%D8%B1%D9%88%D9%84%D9%8A%D9%87-%D9%86%D9%8A%D9%88-%D8%A7%D9%88%D8%A8%D8%AA%D8%B1%D8%A7-1
spark plug,AutoSpare,850.00,True,NGK,طقم بوجيهات 16 سن 14 صامولة ثابتة شيفروليه نيو اوبترا,https://autospare.com.eg/products/%D8%B7%D9%82%D9%85-%D8%A8%D9%88%D8%AC%D9%8A%D9%87%D8%A7%D8%AA-16-%D8%B3%D9%86-14-%D8%B5%D8%A7%D9%85%D9%88%D9%84%D8%A9-%D8%AB%D8%A7%D8%A8%D8%AA%D8%A9-%D8%B4%D9%8A%D9%81%D8%B1%D9%88%D9%84%D9%8A%D9%87-%D9%86%D9%8A%D9%88-%D8%A7%D9%88%D8%A8%D8%AA%D8%B1%D8%A7
spark plug,Zait and Filters,850.00,True,NGK,طقم بوجيهات 16 سن 14 صاموله ثابته شيفروليه اوبترا 2014 2015 2016 2017 2018 2019 2020 2021 2022 2023 NGK,https://zaitandfilters.com/products/spark-plug-ngk-chevrolet-optra-45b7cfaa
spark plug,Zait and Filters,855.00,True,BOSCH,طقم بوجيهات 16 سن 14 شيفروليه اوبترا 2014 2015 2016 2017 2018 2019 2020 2021 2022 2023 BOSCH,https://zaitandfilters.com/products/%D8%B7%D9%82%D9%85-%D8%A8%D9%88%D8%AC%D9%8A%D9%87%D8%A7%D8%AA-16-%D8%B3%D9%86-14-%D8%B4%D9%8A%D9%81%D8%B1%D9%88%D9%84%D9%8A%D9%87-%D8%A7%D9%88%D8%A8%D8%AA%D8%B1%D8%A7-2014-2015-2016-2017-2018-2019-2020-2021-2022-2023-BOSCH
spark plug,AutoSpare,900.00,True,BOSCH,طقم بوجيهات 16 ليزر بلاتينيوم 6724 شيفروليه اوبترا,https://autospare.com.eg/products/%D8%B7%D9%82%D9%85-%D8%A8%D9%88%D8%AC%D9%8A%D9%87%D8%A7%D8%AA-16-%D9%84%D9%8A%D8%B2%D8%B1-%D8%A8%D9%84%D8%A7%D8%AA%D9%8A%D9%86%D9%8A%D9%88%D9%85-6724-%D8%B4%D9%8A%D9%81%D8%B1%D9%88%D9%84%D9%8A%D9%87-%D8%A7%D9%88%D8%A8%D8%AA%D8%B1%D8%A7-u12573
spark plug,AutoSpare,950.00,True,BOSCH,طقم بوجيهات 16 ليزر بلاتينيوم 6724 شيفروليه اوبترا,https://autospare.com.eg/products/%D8%B7%D9%82%D9%85-%D8%A8%D9%88%D8%AC%D9%8A%D9%87%D8%A7%D8%AA-16-%D9%84%D9%8A%D8%B2%D8%B1-%D8%A8%D9%84%D8%A7%D8%AA%D9%8A%D9%86%D9%8A%D9%88%D9%85-6724-%D8%B4%D9%8A%D9%81%D8%B1%D9%88%D9%84%D9%8A%D9%87-%D8%A7%D9%88%D8%A8%D8%AA%D8%B1%D8%A7
spark plug,Zait and Filters,1099.00,True,BOSCH,طقم بوجيهات ليزر بلاتينيوم شيفروليه اوبترا 2004 2005 2006 2007 2008 2009 2010 2011 2012 2013 2014 BOSCH,https://zaitandfilters.com/products/%D8%B7%D9%82%D9%85-%D8%A8%D9%88%D8%AC%D9%8A%D9%87%D8%A7%D8%AA-%D9%84%D9%8A%D8%B2%D8%B1-%D8%A8%D9%84%D8%A7%D8%AA%D9%8A%D9%86%D9%8A%D9%88%D9%85-%D8%B4%D9%8A%D9%81%D8%B1%D9%88%D9%84%D9%8A%D9%87-%D8%A7%D9%88%D8%A8%D8%AA%D8%B1%D8%A7-2004-2005-2006-2007-2008-2009-2010-2011-2012-2013-2014-BOSCH
wiper,Amazon Egypt,299.00,,,"Generic ND038 Set Of 2 Pieces OF Car Wiper Blades For Chevrolet Optra, Size 22-19 With Perfect Design, Premium And Long Lasting Material - Black",https://www.amazon.eg/dp/B0CMSLGZV8
,Tawfiqia,60.00,True,,جلبة مقص أمامي تايواني شيفورليه أوبترا 2004-2013,https://tawfiqia.com/ar/product-detail/جلبة-مقص-أمامي-تايواني-شيفورليه-أوبترا-2004-2013/6548
,Tawfiqia,110.00,False,,بطاحة شيفروليه اوبترا امامى جى واى كورى,https://tawfiqia.com/ar/product-detail/بطاحة-شيفروليه-اوبترا-امامى-جى-واى-كورى/9277
,Tawfiqia,140.00,False,,بطاحة شيفروليه اوبترا خلفى جى واى كورى,https://tawfiqia.com/ar/product-detail/بطاحة-شيفروليه-اوبترا-خلفى-جى-واى-كورى/9278
,AutoSpare,150.00,True,HARB,بكرة سير تكييف صغيرة شيفروليه اوبترا,https://autospare.com.eg/products/%D8%A8%D9%83%D8%B1%D8%A9-%D8%B3%D9%8A%D8%B1-%D8%AA%D9%83%D9%8A%D9%8A%D9%81-%D8%B5%D8%BA%D9%8A%D8%B1%D8%A9-%D9%86%D9%88%D8%A8%D9%8A%D8%B1%D8%A7-%D8%B4%D9%8A%D9%81%D8%B1%D9%88%D9%84%D9%8A%D9%87-%D8%A7%D9%88%D8%A8%D8%AA%D8%B1%D8%A7
,AutoSpare,160.00,True,AZAB,فلترهواء شيفروليه نيو اوبترا,https://autospare.com.eg/products/%D9%81%D9%84%D8%AA%D8%B1%D9%87%D9%88%D8%A7%D8%A1-%D8%B4%D9%8A%D9%81%D8%B1%D9%88%D9%84%D9%8A%D9%87-%D9%86%D9%8A%D9%88-%D8%A7%D9%88%D8%A8%D8%AA%D8%B1%D8%A7
,Tawfiqia,172.00,True,,بطاحة مساعد امامى شيفرولية اوبترا موديل 2004 / 2014,https://tawfiqia.com/ar/product-detail/بطاحة-مساعد-امامى-شيفرولية-اوبترا-موديل-2004-2014/2938
,Tawfiqia,175.00,False,,بارة دركسيون خارجية شمال شفرولية اوبترا  2004 / 2013,https://tawfiqia.com/ar/product-detail/بارة-دركسيون-خارجية-شمال-شفرولية-اوبترا-2004-2013/1905
,Tawfiqia,175.00,False,,بارة دركسيون خارجية يمين شفرولية اوبترا 2004 / 2013,https://tawfiqia.com/ar/product-detail/بارة-دركسيون-خارجية-يمين-شفرولية-اوبترا-2004-2013/1907
,AutoSpare,180.00,True,MASA,علبة فيوز صغيرة 20 امبير شيفرولية اوبترا,https://autospare.com.eg/products/%D8%B9%D9%84%D8%A8%D8%A9-%D9%81%D9%8A%D9%88%D8%B2-%D8%B5%D8%BA%D9%8A%D8%B1%D8%A9-20-%D8%A7%D9%85%D8%A8%D9%8A%D8%B1-%D8%B4%D9%8A%D9%81%D8%B1%D9%88%D9%84%D9%8A%D8%A9-%D8%A7%D9%88%D8%A8%D8%AA%D8%B1%D8%A7
,AutoSpare,180.00,True,MASA,علبة فيوز صغير 25 امبير شيفروليه اوبترا,https://autospare.com.eg/products/%D8%B9%D9%84%D8%A8%D8%A9-%D9%81%D9%8A%D9%88%D8%B2-%D8%B5%D8%BA%D9%8A%D8%B1-25-%D8%A7%D9%85%D8%A8%D9%8A%D8%B1-%D8%B4%D9%8A%D9%81%D8%B1%D9%88%D9%84%D9%8A%D9%87-%D8%A7%D9%88%D8%A8%D8%AA%D8%B1%D8%A7
,Tawfiqia,180.00,False,,بيضة مقص Hi-Q اوبترا,https://tawfiqia.com/ar/product-detail/بيضة-مقص-hi-q-اوبترا/7888
,AutoSpare,200.00,False,,شدادة باب امامي شيفروليه اوبترا,https://autospare.com.eg/products/shdad-bab-amamy-shyfrolyh-aobtra
,AutoSpare,200.00,True,,بلية مساعد امامى شيفروليه اوبترا,https://autospare.com.eg/products/%D8%A8%D9%84%D9%8A%D8%A9-%D9%85%D8%B3%D8%A7%D8%B9%D8%AF-%D8%A7%D9%85%D8%A7%D9%85%D9%89-%D8%B4%D9%8A%D9%81%D8%B1%D9%88%D9%84%D9%8A%D9%87-%D8%A7%D9%88%D8%A8%D8%AA%D8%B1%D8%A7
,AutoSpare,200.00,True,,باغة فانوس خلفى يمين شيفروليه اوبترا,https://autospare.com.eg/products/%D8%A8%D8%A7%D8%BA%D8%A9-%D9%81%D8%A7%D9%86%D9%88%D8%B3-%D8%AE%D9%84%D9%81%D9%89-%D9%8A%D9%85%D9%8A%D9%86-%D8%B4%D9%8A%D9%81%D8%B1%D9%88%D9%84%D9%8A%D9%87-%D8%A7%D9%88%D8%A8%D8%AA%D8%B1%D8%A7
,AutoSpare,200.00,True,HARB,بكرة سير تكييف كبيرة شيفروليه نيو اوبترا,https://autospare.com.eg/products/%D8%A8%D9%83%D8%B1%D8%A9-%D8%B3%D9%8A%D8%B1-%D8%AA%D9%83%D9%8A%D9%8A%D9%81-%D9%83%D8%A8%D9%8A%D8%B1%D8%A9-%D8%B4%D9%8A%D9%81%D8%B1%D9%88%D9%84%D9%8A%D9%87-%D9%86%D9%8A%D9%88-%D8%A7%D9%88%D8%A8%D8%AA%D8%B1%D8%A7-1
,Tawfiqia,200.00,False,,بارة دركسيون داخلية شفرولية اوبترا 2004 / 2013,https://tawfiqia.com/ar/product-detail/بارة-دركسيون-داخلية-شفرولية-اوبترا-2004-2013/1909
,Tawfiqia,210.00,False,,بطاحة مساعد خلفى اشفرولية اوبترا 2004 / 2013,https://tawfiqia.com/ar/product-detail/بطاحة-مساعد-خلفى-اشفرولية-اوبترا-2004-2013/1911
,Amazon Egypt,210.56,,,GM Parts 96130723 SPARKPLUG For OPTRA-CRUZE 2010,https://www.amazon.eg/dp/B0C19993RW
,AutoSpare,220.00,True,HSC,بكرة سير تكييف كبيرة شيفروليه نيو اوبترا,https://autospare.com.eg/products/%D8%A8%D9%83%D8%B1%D8%A9-%D8%B3%D9%8A%D8%B1-%D8%AA%D9%83%D9%8A%D9%8A%D9%81-%D9%83%D8%A8%D9%8A%D8%B1%D8%A9-%D8%B4%D9%8A%D9%81%D8%B1%D9%88%D9%84%D9%8A%D9%87-%D9%86%D9%8A%D9%88-%D8%A7%D9%88%D8%A8%D8%AA%D8%B1%D8%A7
,AutoSpare,230.00,True,M Z,عاكس اكصدام خلفى شمال شيفروليه نيو اوبترا,https://autospare.com.eg/products/%D8%B9%D8%A7%D9%83%D8%B3-%D8%A7%D9%83%D8%B5%D8%AF%D8%A7%D9%85-%D8%AE%D9%84%D9%81%D9%89-%D8%B4%D9%85%D8%A7%D9%84-%D8%B4%D9%8A%D9%81%D8%B1%D9%88%D9%84%D9%8A%D9%87-%D9%86%D9%8A%D9%88-%D8%A7%D9%88%D8%A8%D8%AA%D8%B1%D8%A7
,AutoSpare,230.00,True,M Z,عاكس اكصدام خلفى يمين شيفروليه نيو اوبترا,https://autospare.com.eg/products/%D8%B9%D8%A7%D9%83%D8%B3-%D8%A7%D9%83%D8%B5%D8%AF%D8%A7%D9%85-%D8%AE%D9%84%D9%81%D9%89-%D9%8A%D9%85%D9%8A%D9%86-%D8%B4%D9%8A%D9%81%D8%B1%D9%88%D9%84%D9%8A%D9%87-%D9%86%D9%8A%D9%88-%D8%A7%D9%88%D8%A8%D8%AA%D8%B1%D8%A7
,Tawfiqia,230.00,False,,طقم تيش ميزان امامى اوبترا Hi-Q,https://tawfiqia.com/ar/product-detail/طقم-تيش-ميزان-امامى-اوبترا-hi-q/8584
,AutoSpare,240.00,False,,سويتش فتح شنطة شيفروليه اوبترا,https://autospare.com.eg/products/%D8%B3%D9%88%D9%8A%D8%AA%D8%B4-%D9%81%D8%AA%D8%AD-%D8%B4%D9%86%D8%B7%D8%A9-%D8%B4%D9%8A%D9%81%D8%B1%D9%88%D9%84%D9%8A%D9%87-%D8%A7%D9%88%D8%A8%D8%AA%D8%B1%D8%A7
,AutoSpare,240.00,True,,كابل فرامل يد شمال شيفروليه اوبترا GP50,https://autospare.com.eg/products/%D9%83%D8%A7%D8%A8%D9%84-%D9%81%D8%B1%D8%A7%D9%85%D9%84-%D9%8A%D8%AF-%D8%B4%D9%85%D8%A7%D9%84-%D8%B4%D9%8A%D9%81%D8%B1%D9%88%D9%84%D9%8A%D9%87-%D8%A7%D9%88%D8%A8%D8%AA%D8%B1%D8%A7-gp50
,AutoSpare,250.00,True,,باغه فانوس خلفي شمال شيفرولية اوبترا,https://autospare.com.eg/products/%D8%A8%D8%A7%D8%BA%D9%87-%D9%81%D8%A7%D9%86%D9%88%D8%B3-%D8%AE%D9%84%D9%81%D9%8A-%D8%B4%D9%85%D8%A7%D9%84-%D8%B4%D9%8A%D9%81%D8%B1%D9%88%D9%84%D9%8A%D8%A9-%D8%A7%D9%88%D8%A8%D8%AA%D8%B1%D8%A7
,AutoSpare,250.00,True,,باغه فانوس خلفي يمين شيفرولية اوبترا,https://autospare.com.eg/products/%D8%A8%D8%A7%D8%BA%D9%87-%D9%81%D8%A7%D9%86%D9%88%D8%B3-%D8%AE%D9%84%D9%81%D9%8A-%D9%8A%D9%85%D9%8A%D9%86-%D8%B4%D9%8A%D9%81%D8%B1%D9%88%D9%84%D9%8A%D8%A9-%D8%A7%D9%88%D8%A8%D8%AA%D8%B1%D8%A7
,AutoSpare,270.00,True,GSP,بلية كاتينه ثابتة شيفروليه اوبترا,https://autospare.com.eg/products/%D8%A8%D9%84%D9%8A%D8%A9-%D9%83%D8%A7%D8%AA%D9%8A%D9%86%D9%87-%D8%AB%D8%A7%D8%A8%D8%AA%D8%A9-%D8%B4%D9%8A%D9%81%D8%B1%D9%88%D9%84%D9%8A%D9%87-%D8%A7%D9%88%D8%A8%D8%AA%D8%B1%D8%A7
,AutoSpare,290.00,True,HSC,بكرة سير تكييف صغيرة 2010 شيفروليه اوبترا,https://autospare.com.eg/products/%D8%A8%D9%83%D8%B1%D8%A9-%D8%B3%D9%8A%D8%B1-%D8%AA%D9%83%D9%8A%D9%8A%D9%81-%D8%B5%D8%BA%D9%8A%D8%B1%D8%A9-2010-%D8%B4%D9%8A%D9%81%D9%88%D8%B1%D9%84%D9%8A%D9%87-%D8%A7%D9%88%D8%A8%D8%AA%D8%B1%D8%A7
,AutoSpare,290.00,False,,سويتش فرامل شيفروليه اوبترا GP50,https://autospare.com.eg/products/%D8%B3%D9%88%D9%8A%D8%AA%D8%B4-%D9%81%D8%B1%D8%A7%D9%85%D9%84-%D8%B4%D9%8A%D9%81%D8%B1%D9%88%D9%84%D9%8A%D9%87-%D8%A7%D9%88%D8%A8%D8%AA%D8%B1%D8%A7-gp50
,Zait and Filters,299.00,True,HARB,بكرة سير تكييف صغيرة اوبترا 2004 2005 2006 2007 2008 2009 2010 2011 2012 2013 2014 HARB,https://zaitandfilters.com/products/%D8%A8%D9%83%D8%B1%D8%A9-%D8%B3%D9%8A%D8%B1-%D8%AA%D9%83%D9%8A%D9%8A%D9%81-%D8%B5%D8%BA%D9%8A%D8%B1%D8%A9-%D8%A3%D9%88%D8%A8%D8%AA%D8%B1%D8%A7-2004-2005-2006-2007-2008-2009-2010-2011-2012-2013-2014-harb
,AutoSpare,300.00,True,GSP,طقم سلك بوجيهات شيفروليه اوبترا,https://autospare.com.eg/products/%D8%B7%D9%82%D9%85-%D8%B3%D9%84%D9%83-%D8%A8%D9%88%D8%AC%D9%8A%D9%87%D8%A7%D8%AA-%D8%B4%D9%8A%D9%81%D9%88%D8%B1%D9%84%D9%8A%D9%87-%D8%A7%D9%88%D8%A8%D8%AA%D8%B1%D8%A7-1
,AutoSpare,300.00,True,HSC,بكرة سير تكييف كبيرة 2010 شيفروليه اوبترا,https://autospare.com.eg/products/%D8%A8%D9%83%D8%B1%D8%A9-%D8%B3%D9%8A%D8%B1-%D8%AA%D9%83%D9%8A%D9%8A%D9%81-%D9%83%D8%A8%D9%8A%D8%B1%D8%A9-2010-%D8%B4%D9%8A%D9%81%D9%88%D8%B1%D9%84%D9%8A%D9%87-%D8%A7%D9%88%D8%A8%D8%AA%D8%B1%D8%A7
,AutoSpare,300.00,True,HSC,بكرة شداد سير مجموعة (تكييف كبيرة) شيفروليه اوبترا,https://autospare.com.eg/products/%D8%A8%D9%83%D8%B1%D8%A9-%D8%B4%D8%AF%D8%A7%D8%AF-%D8%B3%D9%8A%D8%B1-%D8%AF%D9%8A%D9%86%D8%A7%D9%85%D9%88-%D8%B4%D9%8A%D9%81%D9%88%D8%B1%D9%84%D9%8A%D9%87-%D8%A7%D9%88%D8%A8%D8%AA%D8%B1%D8%A7
,AutoSpare,300.00,True,GSP,كتاوت دينامو شيفروليه اوبترا,https://autospare.com.eg/products/%D9%83%D8%AA%D8%A7%D9%88%D8%AA-%D8%AF%D9%8A%D9%86%D8%A7%D9%85%D9%88-%D8%B4%D9%8A%D9%81%D8%B1%D9%88%D9%84%D9%8A%D9%87-%D8%A7%D9%88%D8%A8%D8%AA%D8%B1%D8%A7
,AutoSpare,300.00,True,GM,سويتش فتح كبوت شيفروليه اوبترا,https://autospare.com.eg/products/%D8%B3%D9%88%D9%8A%D8%AA%D8%B4-%D9%81%D8%AA%D8%AD-%D9%83%D8%A8%D9%88%D8%AA-%D8%B4%D9%8A%D9%81%D8%B1%D9%88%D9%84%D9%8A%D9%87-%D8%A7%D9%88%D8%A8%D8%AA%D8%B1%D8%A7-gm
,AutoSpare,300.00,True,M Z,غماز رفرف شيفروليه نيو اوبترا,https://autospare.com.eg/products/%D8%BA%D9%85%D8%A7%D8%B2-%D8%B1%D9%81%D8%B1%D9%81-%D8%B4%D9%8A%D9%81%D8%B1%D9%88%D9%84%D9%8A%D9%87-%D9%86%D9%8A%D9%88-%D8%A7%D9%88%D8%A8%D8%AA%D8%B1%D8%A7
,Tawfiqia,300.00,False,,طقم باره اسكترا اوبترا Hi-Q,https://tawfiqia.com/ar/product-detail/طقم-باره-اسكترا-اوبترا-hi-q/8564
,AutoSpare,310.00,True,M K F,طقم سلوك بوجيهات شيفروليه اوبترا,https://autospare.com.eg/products/%D8%B7%D9%82%D9%85-%D8%B3%D9%84%D9%88%D9%83-%D8%A8%D9%88%D8%AC%D9%8A%D9%87%D8%A7%D8%AA-%D8%B4%D9%8A%D9%81%D8%B1%D9%88%D9%84%D9%8A%D9%87-%D8%A7%D9%88%D8%A8%D8%AA%D8%B1%D8%A7-3
,AutoSpare,320.00,True,PNH AUTO PARTS,ذراع نور شيفروليه اوبترا,https://autospare.com.eg/products/%D8%B0%D8%B1%D8%A7%D8%B9-%D9%86%D9%88%D8%B1-%D8%B4%D9%8A%D9%81%D8%B1%D9%88%D9%84%D9%8A%D9%87-%D8%A7%D9%88%D8%A8%D8%AA%D8%B1%D8%A7
,AutoSpare,330.00,True,,خرطوم فرامل أمامي شمال شيفروليه اوبترا GP50,https://autospare.com.eg/products/%D8%AE%D8%B1%D8%B7%D9%88%D9%85-%D9%81%D8%B1%D8%A7%D9%85%D9%84-%D8%A3%D9%85%D8%A7%D9%85%D9%8A-%D8%B4%D9%85%D8%A7%D9%84-%D8%B4%D9%8A%D9%81%D8%B1%D9%88%D9%84%D9%8A%D9%87-%D8%A7%D9%88%D8%A8%D8%AA%D8%B1%D8%A7-gp50
,AutoSpare,330.00,True,,سويتش فرامل شيفروليه اوبترا GP50,https://autospare.com.eg/products/%D8%B3%D9%88%D9%8A%D8%AA%D8%B4-%D9%81%D8%B1%D8%A7%D9%85%D9%84-%D8%B4%D9%8A%D9%81%D8%B1%D9%88%D9%84%D9%8A%D9%87-%D8%A7%D9%88%D8%A8%D8%AA%D8%B1%D8%A7-gp50-1
,AutoSpare,350.00,True,HI Q,طقم اسلاك بوجهات شيفروليه اوبترا,https://autospare.com.eg/products/%D8%B7%D9%82%D9%85-%D8%A7%D8%B3%D9%84%D8%A7%D9%83-%D8%A8%D9%88%D8%AC%D9%87%D8%A7%D8%AA-%D8%B4%D9%8A%D9%81%D8%B1%D9%88%D9%84%D9%8A%D9%87-%D8%A7%D9%88%D8%A8%D8%AA%D8%B1%D8%A7
,AutoSpare,350.00,True,CIT,ماكينة ستوب فرامل شيفروليه اوبترا,https://autospare.com.eg/products/%D9%85%D8%A7%D9%83%D9%8A%D9%86%D8%A9-%D8%B3%D8%AA%D9%88%D8%A8-%D9%81%D8%B1%D8%A7%D9%85%D9%84-%D8%B4%D9%8A%D9%81%D8%B1%D9%88%D9%84%D9%8A%D9%87-%D8%A7%D9%88%D8%A8%D8%AA%D8%B1%D8%A7
,AutoSpare,350.00,True,HI Q,طقم سلوك بوجيهات شيفروليه اوبترا,https://autospare.com.eg/products/%D8%B7%D9%82%D9%85-%D8%B3%D9%84%D9%88%D9%83-%D8%A8%D9%88%D8%AC%D9%8A%D9%87%D8%A7%D8%AA-%D8%B4%D9%8A%D9%81%D8%B1%D9%88%D9%84%D9%8A%D9%87-%D8%A7%D9%88%D8%A8%D8%AA%D8%B1%D8%A7-1
,AutoSpare,360.00,False,GL-MAX,كتاوت دينامو شيفروليه اوبترا,https://autospare.com.eg/products/%D9%83%D8%AA%D8%A7%D9%88%D8%AA-%D8%AF%D9%8A%D9%86%D8%A7%D9%85%D9%88-%D8%B4%D9%8A%D9%81%D8%B1%D9%88%D9%84%D9%8A%D9%87-%D8%A7%D9%88%D8%A8%D8%AA%D8%B1%D8%A7-3
,Tawfiqia,360.00,False,,بطاحة مساعد امامى شفرولية اوبترا 2004 / 2013,https://tawfiqia.com/ar/product-detail/بطاحة-مساعد-امامى-شفرولية-اوبترا-2004-2013/1926
,Zait and Filters,370.00,True,HSC,بكرة سير تكييف كبيرة اوبترا 2004 2005 2006 2007 2008 2009 2010 2011 2012 2013 2014 HSC,https://zaitandfilters.com/products/%D8%A8%D9%83%D8%B1%D8%A9-%D8%B3%D9%8A%D8%B1-%D8%AA%D9%83%D9%8A%D9%8A%D9%81-%D9%83%D8%A8%D9%8A%D8%B1%D8%A9-%D8%A3%D9%88%D8%A8%D8%AA%D8%B1%D8%A7-2004-2005-2006-2007-2008-2009-2010-2011-2012-2013-2014-hsc
,Zait and Filters,370.00,True,HSC,بكرة سير تكييف كبيره شيفروليه اوبترا 2014 2015 2016 2017 2018 2019 2020 2021 2022 2023 HSC,https://zaitandfilters.com/products/%D8%A8%D9%83%D8%B1%D8%A9-%D8%B3%D9%8A%D8%B1-%D8%AA%D9%83%D9%8A%D9%8A%D9%81-%D9%83%D8%A8%D9%8A%D8%B1%D9%87-%D8%B4%D9%8A%D9%81%D8%B1%D9%88%D9%84%D9%8A%D9%87-%D8%A7%D9%88%D8%A8%D8%AA%D8%B1%D8%A7-2014-2015-2016-2017-2018-2019-2020-2021-2022-2023-HSC
,AutoSpare,375.00,True,HSC,بلية كاتينه ثابته شيفروليه اوبترا,https://autospare.com.eg/products/%D8%A8%D9%84%D9%8A%D8%A9-%D9%83%D8%A7%D8%AA%D9%8A%D9%86%D9%87-%D8%AB%D8%A7%D8%A8%D8%AA%D9%87-%D8%B4%D9%8A%D9%81%D8%B1%D9%88%D9%84%D9%8A%D9%87-%D8%A7%D9%88%D8%A8%D8%AA%D8%B1%D8%A7
,Zait and Filters,385.00,True,GSP,بلية شداد سير كاتينة ثابتة شيفروليه اوبترا 2004 2005 2006 2007 2008 2009 2010 2011 2012 2013 2014 GSP,https://zaitandfilters.com/products/%D8%A8%D9%84%D9%8A%D8%A9-%D8%B4%D8%AF%D8%A7%D8%AF-%D8%B3%D9%8A%D8%B1-%D9%83%D8%A7%D8%AA%D9%8A%D9%86%D8%A9-%D8%AB%D8%A7%D8%A8%D8%AA%D8%A9-%D8%B4%D9%8A%D9%81%D8%B1%D9%88%D9%84%D9%8A%D9%87-%D8%A7%D9%88%D8%A8%D8%AA%D8%B1%D8%A7-2004-2005-2006-2007-2008-2009-2010-2011-2012-2013-2014-GSP
,AutoSpare,390.00,True,KOR TEC,كتاوت دينامو شيفروليه اوبترا,https://autospare.com.eg/products/%D9%83%D8%AA%D8%A7%D9%88%D8%AA-%D8%AF%D9%8A%D9%86%D8%A7%D9%85%D9%88-%D8%B4%D9%8A%D9%81%D8%B1%D9%88%D9%84%D9%8A%D9%87-%D8%A7%D9%88%D8%A8%D8%AA%D8%B1%D8%A7-1
,AutoSpare,390.00,True,KOR TEC,كتاوت دينامو شيفروليه اوبترا,https://autospare.com.eg/products/%D9%83%D8%AA%D8%A7%D9%88%D8%AA-%D8%AF%D9%8A%D9%86%D8%A7%D9%85%D9%88-%D8%B4%D9%8A%D9%81%D8%B1%D9%88%D9%84%D9%8A%D9%87-%D8%A7%D9%88%D8%A8%D8%AA%D8%B1%D8%A7-2
,AutoSpare,400.00,True,GSP,شداد سير كاتينه متحركة شيفروليه اوبترا,https://autospare.com.eg/products/%D8%B4%D8%AF%D8%A7%D8%AF-%D8%B3%D9%8A%D8%B1-%D9%83%D8%A7%D8%AA%D9%8A%D9%86%D9%87-%D9%85%D8%AA%D8%AD%D8%B1%D9%83%D8%A9-%D8%B4%D9%8A%D9%81%D8%B1%D9%88%D9%84%D9%8A%D9%87-%D8%A7%D9%88%D8%A8%D8%AA%D8%B1%D8%A7
,AutoSpare,400.00,True,SMG,طقم سلوك بوجيهات شيفروليه اوبترا,https://autospare.com.eg/products/%D8%B7%D9%82%D9%85-%D8%B3%D9%84%D9%88%D9%83-%D8%A8%D9%88%D8%AC%D9%8A%D9%87%D8%A7%D8%AA-%D8%B4%D9%8A%D9%81%D8%B1%D9%88%D9%84%D9%8A%D9%87-%D8%A7%D9%88%D8%A8%D8%AA%D8%B1%D8%A7-2
,AutoSpare,400.00,True,YN TECH,سلك بوجيهات شيفروليه اوبترا,https://autospare.com.eg/products/%D8%B3%D9%84%D9%83-%D8%A8%D9%88%D8%AC%D9%8A%D9%87%D8%A7%D8%AA-%D8%B4%D9%8A%D9%81%D8%B1%D9%88%D9%84%D9%8A%D9%87-%D8%A7%D9%88%D8%A8%D8%AA%D8%B1%D8%A7
,N Auto Express,410.40,True,SMG,SMG Spark Plug Wire Compatible with Chevrolet Optra,https://nautoexpress.com/products/smg-spark-plug-wire-compatible-with-chevrolet-optra
,Tawfiqia,440.00,False,,صرة عجل امامي اوبترا HSC,https://tawfiqia.com/ar/product-detail/صرة-عجل-امامي-اوبترا-hsc/9546
,AutoSpare,450.00,True,PHC VALEO,بلية كاتينه ثابتة 2010 شيفروليه اوبترا,https://autospare.com.eg/products/%D8%A8%D9%84%D9%8A%D8%A9-%D9%83%D8%A7%D8%AA%D9%8A%D9%86%D9%87-%D8%AB%D8%A7%D8%A8%D8%AA%D8%A9-2010-%D8%B4%D9%8A%D9%81%D9%88%D8%B1%D9%84%D9%8A%D9%87-%D8%A7%D9%88%D8%A8%D8%AA%D8%B1%D8%A7
,AutoSpare,450.00,True,,سويتش ستوب مانيوال شيفروليه اوبترا,https://autospare.com.eg/products/%D8%B3%D9%88%D9%8A%D8%AA%D8%B4-%D8%B3%D8%AA%D9%88%D8%A8-%D9%85%D8%A7%D9%86%D9%8A%D9%88%D8%A7%D9%84-%D8%B4%D9%8A%D9%81%D8%B1%D9%88%D9%84%D9%8A%D9%87-%D8%A7%D9%88%D8%A8%D8%AA%D8%B1%D8%A7
,AutoSpare,450.00,True,,خرطوم فرامل أمامي شمال شيفروليه اوبترا GP50,https://autospare.com.eg/products/%D8%AE%D8%B1%D8%B7%D9%88%D9%85-%D9%81%D8%B1%D8%A7%D9%85%D9%84-%D8%A3%D9%85%D8%A7%D9%85%D9%8A-%D8%B4%D9%85%D8%A7%D9%84-%D8%B4%D9%8A%D9%81%D8%B1%D9%88%D9%84%D9%8A%D9%87-%D8%A7%D9%88%D8%A8%D8%AA%D8%B1%D8%A7-gp50-1
,AutoSpare,450.00,True,GSP,شداد سير كاتينه متحركه شيفرولية اوبترا,https://autospare.com.eg/products/%D8%B4%D8%AF%D8%A7%D8%AF-%D8%B3%D9%8A%D8%B1-%D9%83%D8%A7%D8%AA%D9%8A%D9%86%D9%87-%D9%85%D8%AA%D8%AD%D8%B1%D9%83%D9%87-%D8%A7%D9%88%D8%A8%D8%AA%D8%B1%D8%A7
,Tawfiqia,450.00,True,,طقم تيش ميزان خلفى اوبترا Hi-Q,https://tawfiqia.com/ar/product-detail/طقم-تيش-ميزان-خلفى-اوبترا-hi-q/8580
,AutoSpare,480.00,True,SMG,طقم سلك بوجيهات شيفروليه اوبترا,https://autospare.com.eg/products/tkm-slk-bogyhat-shyforlyh-aobtra
,AutoSpare,480.00,True,,كلاكس واطي شيفروليه اوبترا GP50,https://autospare.com.eg/products/%D9%83%D9%84%D8%A7%D9%83%D8%B3-%D9%88%D8%A7%D8%B7%D9%8A-%D8%B4%D9%8A%D9%81%D8%B1%D9%88%D9%84%D9%8A%D9%87-%D8%A7%D9%88%D8%A8%D8%AA%D8%B1%D8%A7-gp50
,AutoSpare,490.00,True,,باغة فانوس امامى يمين شيفروليه اوبترا,https://autospare.com.eg/products/%D8%A8%D8%A7%D8%BA%D8%A9-%D9%83%D8%B4%D8%A7%D9%81-%D8%A7%D9%85%D8%A7%D9%85%D9%89-%D9%8A%D9%85%D9%8A%D9%86-%D8%B4%D9%8A%D9%81%D8%B1%D9%88%D9%84%D9%8A%D9%87-%D8%A7%D9%88%D8%A8%D8%AA%D8%B1%D8%A7
,AutoSpare,490.00,True,,سويتش مرايات شيفروليه اوبترا,https://autospare.com.eg/products/%D8%B3%D9%88%D9%8A%D8%AA%D8%B4-%D9%85%D8%B1%D8%A7%D9%8A%D8%A7%D8%AA-%D8%B4%D9%8A%D9%81%D8%B1%D9%88%D9%84%D9%8A%D9%87-%D8%A7%D9%88%D8%A8%D8%AA%D8%B1%D8%A7
,AutoSpare,495.00,True,,سويتش فرامل أوتوماتيك شيفروليه اوبترا,https://autospare.com.eg/products/%D8%B3%D9%88%D9%8A%D8%AA%D8%B4-%D9%81%D8%B1%D8%A7%D9%85%D9%84-%D8%A3%D9%88%D8%AA%D9%88%D9%85%D8%A7%D8%AA%D9%8A%D9%83-%D8%B4%D9%8A%D9%81%D8%B1%D9%88%D9%84%D9%8A%D9%87-%D8%A7%D9%88%D8%A8%D8%AA%D8%B1%D8%A7
,AutoSpare,500.00,True,A-PART,طقم سلوك بوجيهات شيفروليه اوبترا,https://autospare.com.eg/products/%D8%B7%D9%82%D9%85-%D8%B3%D9%84%D9%88%D9%83-%D8%A8%D9%88%D8%AC%D9%8A%D9%87%D8%A7%D8%AA-%D8%B4%D9%8A%D9%81%D8%B1%D9%88%D9%84%D9%8A%D9%87-%D8%A7%D9%88%D8%A8%D8%AA%D8%B1%D8%A7
,AutoSpare,500.00,True,GM,سويتش انتظار شيفروليه اوبترا,https://autospare.com.eg/products/%D8%B3%D9%88%D9%8A%D8%AA%D8%B4-%D8%A7%D9%86%D8%AA%D8%B8%D8%A7%D8%B1-%D8%B4%D9%8A%D9%81%D8%B1%D9%88%D9%84%D9%8A%D9%87-%D8%A7%D9%88%D8%A8%D8%AA%D8%B1%D8%A7
,AutoSpare,500.00,True,,سويتش زجاج امامي يمين شيفروليه اوبترا,https://autospare.com.eg/products/%D8%B3%D9%88%D9%8A%D8%AA%D8%B4-%D8%B2%D8%AC%D8%A7%D8%AC-%D8%A7%D9%85%D8%A7%D9%85%D9%8A-%D9%8A%D9%85%D9%8A%D9%86-%D8%B4%D9%8A%D9%81%D8%B1%D9%88%D9%84%D9%8A%D9%87-%D8%A7%D9%88%D8%A8%D8%AA%D8%B1%D8%A7
,AutoSpare,500.00,True,,سويتش امامى ثنائى شيفروليه اوبترا,https://autospare.com.eg/products/%D8%B3%D9%88%D9%8A%D8%AA%D8%B4-%D8%A7%D9%85%D8%A7%D9%85%D9%89-%D8%AB%D9%86%D8%A7%D8%A6%D9%89-05-%D8%B4%D9%8A%D9%81%D8%B1%D9%88%D9%84%D9%8A%D9%87-%D8%A7%D9%88%D8%A8%D8%AA%D8%B1%D8%A7
,AutoSpare,500.00,True,,كلاكس شيفروليه اوبترا,https://autospare.com.eg/products/%D9%83%D9%84%D8%A7%D9%83%D8%B3-%D8%B4%D9%8A%D9%81%D8%B1%D9%88%D9%84%D9%8A%D9%87-%D8%A7%D9%88%D8%A8%D8%AA%D8%B1%D8%A7-1
,AutoSpare,530.00,True,,سويتش نور بدون شبورة شيفروليه اوبترا,https://autospare.com.eg/products/%D8%B3%D9%88%D9%8A%D8%AA%D8%B4-%D9%86%D9%88%D8%B1-%D8%A8%D8%AF%D9%88%D9%86-%D8%B4%D8%A8%D9%88%D8%B1%D8%A9-%D8%B4%D9%8A%D9%81%D8%B1%D9%88%D9%84%D9%8A%D9%87-%D8%A7%D9%88%D8%A8%D8%AA%D8%B1%D8%A7
,AutoSpare,550.00,True,MEXO,كلاكس شيفروليه اوبترا,https://autospare.com.eg/products/%D9%83%D9%84%D8%A7%D9%83%D8%B3-%D8%B4%D9%8A%D9%81%D8%B1%D9%88%D9%84%D9%8A%D9%87-%D8%A7%D9%88%D8%A8%D8%AA%D8%B1%D8%A7
,AutoSpare,550.00,True,,كلاكس عال شيفروليه اوبترا GP50,https://autospare.com.eg/products/klaks-aaal-shyfrolyh-aobtra-gp50
,AutoSpare,550.00,True,HSC,بليه كاتينه متحركه شيفرولية اوبترا,https://autospare.com.eg/products/%D8%A8%D9%84%D9%8A%D9%87-%D9%83%D8%A7%D8%AA%D9%8A%D9%86%D9%87-%D9%85%D8%AA%D8%AD%D8%B1%D9%83%D9%87-%D8%A7%D9%88%D8%A8%D8%AA%D8%B1%D8%A7
,AutoSpare,550.00,True,,كلاكس عال شيفروليه اوبترا GP50,https://autospare.com.eg/products/%D9%83%D9%84%D8%A7%D9%83%D8%B3-%D8%B9%D8%A7%D9%84-%D8%B4%D9%8A%D9%81%D8%B1%D9%88%D9%84%D9%8A%D9%87-%D8%A7%D9%88%D8%A8%D8%AA%D8%B1%D8%A7-gp50
,AutoSpare,570.00,True,,سويتش نقلات شيفروليه اوبترا,https://autospare.com.eg/products/%D8%B3%D9%88%D9%8A%D8%AA%D8%B4-%D9%86%D9%82%D9%84%D8%A7%D8%AA-%D8%B4%D9%8A%D9%81%D8%B1%D9%88%D9%84%D9%8A%D9%87-%D8%A7%D9%88%D8%A8%D8%AA%D8%B1%D8%A7
,AutoSpare,600.00,True,HSC,بكرة شداد سير دينامو شيفروليه اوبترا,https://autospare.com.eg/products/%D8%A8%D9%83%D8%B1%D8%A9-%D8%B3%D9%8A%D8%B1-%D9%83%D8%A7%D8%AA%D9%8A%D9%86%D8%A9-%D8%B4%D9%8A%D9%81%D8%B1%D9%88%D9%84%D9%8A%D9%87-%D8%A7%D9%88%D8%A8%D8%AA%D8%B1%D8%A7
,AutoSpare,600.00,True,GM,غطاء خرنه زيت الفرامل شيفيرولية اوبترا,https://autospare.com.eg/products/%D8%BA%D8%B7%D8%A7%D8%A1-%D8%AE%D8%B1%D9%86%D9%87-%D8%B2%D9%8A%D8%AA-%D8%A7%D9%84%D9%81%D8%B1%D8%A7%D9%85%D9%84-%D8%B4%D9%8A%D9%81%D9%8A%D8%B1%D9%88%D9%84%D9%8A%D8%A9-%D8%A7%D9%88%D8%A8%D8%AA%D8%B1%D8%A7
,Tawfiqia,600.00,True,,طقم باره دركسيون اوبترا Hi-Q,https://tawfiqia.com/ar/product-detail/طقم-باره-دركسيون-اوبترا-hi-q/8599
,Zait and Filters,600.00,True,CAESER,قلب طلمبه بنزين بالفلتر شيفروليه اوبترا 2014 2015 2016 2017 2018 2019 2020 2021 2022 2023 CAESER,https://zaitandfilters.com/products/%D9%82%D9%84%D8%A8-%D8%B7%D9%84%D9%85%D8%A8%D9%87-%D8%A8%D9%86%D8%B2%D9%8A%D9%86-%D8%A8%D8%A7%D9%84%D9%81%D9%84%D8%AA%D8%B1-%D8%B4%D9%8A%D9%81%D8%B1%D9%88%D9%84%D9%8A%D9%87-%D8%A7%D9%88%D8%A8%D8%AA%D8%B1%D8%A7-2014-2015-2016-2017-2018-2019-2020-2021-2022-2023-CAESER
,Tawfiqia,625.00,False,,طقم طنابير Hi-Q امامي اوبترا,https://tawfiqia.com/ar/product-detail/طقم-طنابير-hi-q-امامي-اوبترا/7630
,AutoSpare,650.00,True,CAESER,موبينه شيفروليه نيو اوبترا,https://autospare.com.eg/products/%D9%85%D9%88%D8%A8%D9%8A%D9%86%D8%A9-%D8%B4%D9%8A%D9%81%D8%B1%D9%88%D9%84%D9%8A%D9%87-%D9%86%D9%8A%D9%88-%D8%A7%D9%88%D8%A8%D8%AA%D8%B1%D8%A7-1
,AutoSpare,650.00,True,,بلية دينامو شيفروليه اوبترا GP50,https://autospare.com.eg/products/%D8%A8%D9%84%D9%8A%D8%A9-%D8%AF%D9%8A%D9%86%D8%A7%D9%85%D9%88-%D8%B4%D9%8A%D9%81%D8%B1%D9%88%D9%84%D9%8A%D9%87-%D8%A7%D9%88%D8%A8%D8%AA%D8%B1%D8%A7-gp50
,Zait and Filters,655.00,True,HSC,بكرة شداد سير دينامو اوبترا 2004 2005 2006 2007 2008 2009 2010 2011 2012 2013 2014 HSC,https://zaitandfilters.com/products/%D8%A8%D9%83%D8%B1%D8%A9-%D8%B4%D8%AF%D8%A7%D8%AF-%D8%B3%D9%8A%D8%B1-%D8%AF%D9%8A%D9%86%D8%A7%D9%85%D9%88-%D8%A3%D9%88%D8%A8%D8%AA%D8%B1%D8%A7-2004-2005-2006-2007-2008-2009-2010-2011-2012-2013-2014-hsc
,AutoSpare,670.00,False,,سويتش نور بالشبورة شيفروليه اوبترا,https://autospare.com.eg/products/%D8%B3%D9%88%D9%8A%D8%AA%D8%B4-%D9%86%D9%88%D8%B1-%D8%A8%D8%A7%D9%84%D8%B4%D8%A8%D9%88%D8%B1%D8%A9-%D8%B4%D9%8A%D9%81%D8%B1%D9%88%D9%84%D9%8A%D9%87-%D8%A7%D9%88%D8%A8%D8%AA%D8%B1%D8%A7
,AutoSpare,680.00,True,JEC I READY PARTS,موبينة 4 طرف شيفروليه اوبترا,https://autospare.com.eg/products/%D9%85%D9%88%D8%A8%D9%8A%D9%86%D8%A9-4-%D8%B7%D8%B1%D9%81-%D8%B4%D9%8A%D9%81%D8%B1%D9%88%D9%84%D9%8A%D9%87-%D8%A7%D9%88%D8%A8%D8%AA%D8%B1%D8%A7-2
,AutoSpare,690.00,True,NGK,بوجهات 16 2 شمعة شيفروليه اوبترا,https://autospare.com.eg/products/%D8%A8%D9%88%D8%AC%D9%87%D8%A7%D8%AA-%D8%B4%D9%8A%D9%81%D8%B1%D9%88%D9%84%D9%8A%D9%87-%D8%A7%D9%88%D8%A8%D8%AA%D8%B1%D8%A7
,AutoSpare,700.00,True,HSC,طقم بلية كاتينه شيفروليه اوبترا,https://autospare.com.eg/products/%D8%B7%D9%82%D9%85-%D8%A8%D9%84%D9%8A%D8%A9-%D9%83%D8%A7%D8%AA%D9%8A%D9%86%D9%87-%D8%B4%D9%8A%D9%81%D8%B1%D9%88%D9%84%D9%8A%D9%87-%D8%A7%D9%88%D8%A8%D8%AA%D8%B1%D8%A7
,AutoSpare,700.00,True,POYO,شداد فتيس سفلى شيفروليه نيو اوبترا,https://autospare.com.eg/products/%D8%B4%D8%AF%D8%A7%D8%AF-%D9%81%D8%AA%D9%8A%D8%B3-%D8%B3%D9%81%D9%84%D9%89-%D8%B4%D9%8A%D9%81%D8%B1%D9%88%D9%84%D9%8A%D9%87-%D9%86%D9%8A%D9%88-%D8%A7%D9%88%D8%A8%D8%AA%D8%B1%D8%A7
,AutoSpare,700.00,True,,ذراع نور واشاره شيفرولية نيو اوبترا,https://autospare.com.eg/products/%D8%B0%D8%B1%D8%A7%D8%B9-%D9%86%D9%88%D8%B1-%D9%88%D8%A7%D8%B4%D8%A7%D8%B1%D9%87-%D8%B4%D9%8A%D9%81%D8%B1%D9%88%D9%84%D9%8A%D8%A9-%D9%86%D9%8A%D9%88-%D8%A7%D9%88%D8%A8%D8%AA%D8%B1%D8%A7
,AutoSpare,700.00,True,,باغة فانوس امامي يمين شيفروليه نيو اوبترا,https://autospare.com.eg/products/%D8%B7%D9%82%D9%85-%D8%A8%D8%A7%D8%BA%D8%A9-%D9%83%D8%B4%D8%A7%D9%81-%D8%A7%D9%85%D8%A7%D9%85%D9%8A-%D8%B4%D9%8A%D9%81%D8%B1%D9%88%D9%84%D9%8A%D9%87-%D9%86%D9%8A%D9%88-%D8%A7%D9%88%D8%A8%D8%AA%D8%B1%D8%A7
,AutoSpare,700.00,True,,باغة فانوس امامي شمال شيفروليه نيو اوبترا,https://autospare.com.eg/products/%D8%B7%D9%82%D9%85-%D8%A8%D8%A7%D8%BA%D8%A9-%D9%83%D8%B4%D8%A7%D9%81-%D8%A7%D9%85%D8%A7%D9%85%D9%8A-%D8%B4%D9%85%D8%A7%D9%84-%D8%B4%D9%8A%D9%81%D8%B1%D9%88%D9%84%D9%8A%D9%87-%D9%86%D9%8A%D9%88-%D8%A7%D9%88%D8%A8%D8%AA%D8%B1%D8%A7
,AutoSpare,700.00,True,,وحده تحكم زجاج شيفرولية اوبترا,https://autospare.com.eg/products/%D9%88%D8%AD%D8%AF%D9%87-%D8%AA%D8%AD%D9%83%D9%85-%D8%B2%D8%AC%D8%A7%D8%AC%D8%B4%D9%8A%D9%81%D8%B1%D9%88%D9%84%D9%8A%D8%A9-%D8%A7%D9%88%D8%A8%D8%AA%D8%B1%D8%A7
,Zait and Filters,730.00,True,GSP,شداد سير مجموعة بالبلية اوبترا 2004 2005 2006 2007 2008 2009 2010 2011 2012 2013 2014 GSP,https://zaitandfilters.com/products/%D8%B4%D8%AF%D8%A7%D8%AF-%D8%B3%D9%8A%D8%B1-%D9%85%D8%AC%D9%85%D9%88%D8%B9%D8%A9-%D8%A8%D8%A7%D9%84%D8%A8%D9%84%D9%8A%D8%A9-%D8%A3%D9%88%D8%A8%D8%AA%D8%B1%D8%A7-2004-2005-2006-2007-2008-2009-2010-2011-2012-2013-2014-gsp
,Egy Car Parts,734.50,True,After-Market,حزام نقل الحركة من السوق الكورية (شيفروليه أوبترا),https://egycarparts.com/products/after-market-drive-belt-korean-chevrolet-optra
,AutoSpare,750.00,True,,شداد سيور شيفروليه نيو أوبترا,https://autospare.com.eg/products/shdad-syor-shyfrolyh-nyo-aobtra
,AutoSpare,750.00,True,,خرطوم فرامل امامي شمال شيفروليه اوبترا,https://autospare.com.eg/products/%D8%AE%D8%B1%D8%B7%D9%88%D9%85-%D9%81%D8%B1%D8%A7%D9%85%D9%84-%D8%A7%D9%85%D8%A7%D9%85%D9%8A-%D8%B4%D9%85%D8%A7%D9%84-%D8%B4%D9%8A%D9%81%D8%B1%D9%88%D9%84%D9%8A%D9%87-%D8%A7%D9%88%D8%A8%D8%AA%D8%B1%D8%A7
,AutoSpare,750.00,False,,ذراع نور شيفروليه اوبترا,https://autospare.com.eg/products/%D8%B0%D8%B1%D8%A7%D8%B9-%D9%86%D9%88%D8%B1-%D8%B4%D9%8A%D9%81%D8%B1%D9%88%D9%84%D9%8A%D9%87-%D8%A7%D9%88%D8%A8%D8%AA%D8%B1%D8%A7-1
,AutoSpare,750.00,True,GSP,موبينه شيفروليه نيو اوبترا,https://autospare.com.eg/products/%D9%85%D9%88%D8%A8%D9%8A%D9%86%D8%A9-%D8%B4%D9%8A%D9%81%D8%B1%D9%88%D9%84%D9%8A%D9%87-%D9%86%D9%8A%D9%88-%D8%A7%D9%88%D8%A8%D8%AA%D8%B1%D8%A7
,AutoSpare,750.00,True,GSP,شداد سير مجموعه شيفرولية اوبترا,https://autospare.com.eg/products/%D8%B4%D8%AF%D8%A7%D8%AF-%D8%B3%D9%8A%D8%B1-%D9%85%D8%AC%D9%85%D9%88%D8%B9%D9%87-%D8%A7%D9%88%D8%A8%D8%AA%D8%B1%D8%A7
,AutoSpare,800.00,True,GSP,شداد فتيس خلفى المونيوم شيفروليه اوبترا,https://autospare.com.eg/products/%D8%B4%D8%AF%D8%A7%D8%AF-%D9%81%D8%AA%D9%8A%D8%B3-%D8%AE%D9%84%D9%81%D9%89-%D8%B4%D9%8A%D9%81%D9%88%D8%B1%D9%84%D9%8A%D9%87-%D8%A7%D9%88%D8%A8%D8%AA%D8%B1%D8%A7-%D8%A7%D9%84%D9%85%D9%88%D9%86%D9%8A%D9%88%D9%85
,AutoSpare,800.00,True,,باغة فانوس خلفى شمال شيفروليه نيو اوبترا,https://autospare.com.eg/products/%D8%A8%D8%A7%D8%BA%D8%A9-%D9%81%D8%A7%D9%86%D9%88%D8%B3-%D8%AE%D9%84%D9%81%D9%89-%D8%B4%D9%85%D8%A7%D9%84-%D8%B4%D9%8A%D9%81%D8%B1%D9%88%D9%84%D9%8A%D9%87-%D9%86%D9%8A%D9%88-%D8%A7%D9%88%D8%A8%D8%AA%D8%B1%D8%A7
,AutoSpare,800.00,True,UNICO,باغة فانوس خلفى يمين شيفروليه نيو اوبترا,https://autospare.com.eg/products/%D8%A8%D8%A7%D8%BA%D8%A9-%D9%81%D8%A7%D9%86%D9%88%D8%B3-%D8%AE%D9%84%D9%81%D9%89-%D9%8A%D9%85%D9%8A%D9%86-%D8%B4%D9%8A%D9%81%D8%B1%D9%88%D9%84%D9%8A%D9%87-%D9%86%D9%8A%D9%88-%D8%A7%D9%88%D8%A8%D8%AA%D8%B1%D8%A7-1
,AutoSpare,850.00,True,PHC VALEO,بلية شداد كاتينه شيفروليه اوبترا,https://autospare.com.eg/products/%D8%B4%D8%AF%D8%A7%D8%AF-%D9%83%D8%A7%D8%AA%D9%8A%D9%86%D9%87-%D8%B4%D9%8A%D9%81%D8%B1%D9%88%D9%84%D9%8A%D9%87-%D8%A7%D9%88%D8%A8%D8%AA%D8%B1%D8%A7
,AutoSpare,850.00,True,SMG,موبينه 4 طرف شيفروليه اوبترا,https://autospare.com.eg/products/%D9%85%D9%88%D8%A8%D9%8A%D9%86%D8%A9-4-%D8%B7%D8%B1%D9%81-%D8%B4%D9%8A%D9%81%D8%B1%D9%88%D9%84%D9%8A%D9%87-%D8%A7%D9%88%D8%A8%D8%AA%D8%B1%D8%A7
,AutoSpare,850.00,True,,باغة فانوس خلفى يمين شيفروليه نيو اوبترا,https://autospare.com.eg/products/%D8%A8%D8%A7%D8%BA%D8%A9-%D9%81%D8%A7%D9%86%D9%88%D8%B3-%D8%AE%D9%84%D9%81%D9%89-%D9%8A%D9%85%D9%8A%D9%86-%D8%B4%D9%8A%D9%81%D8%B1%D9%88%D9%84%D9%8A%D9%87-%D9%86%D9%8A%D9%88-%D8%A7%D9%88%D8%A8%D8%AA%D8%B1%D8%A7
,AutoSpare,850.00,True,UNICO,باغة كشاف شمال شيفروليه نيو اوبترا,https://autospare.com.eg/products/%D8%A8%D8%A7%D8%BA%D8%A9-%D9%83%D8%B4%D8%A7%D9%81-%D8%B4%D9%85%D8%A7%D9%84-%D8%B4%D9%8A%D9%81%D8%B1%D9%88%D9%84%D9%8A%D9%87-%D9%86%D9%8A%D9%88-%D8%A7%D9%88%D8%A8%D8%AA%D8%B1%D8%A7
,AutoSpare,850.00,True,,تيش ستبليزر شمال شيفروليه اوبترا GP50,https://autospare.com.eg/products/%D8%AA%D9%8A%D8%B4-%D8%B3%D8%AA%D8%A8%D9%84%D9%8A%D8%B2%D8%B1-%D8%B4%D9%85%D8%A7%D9%84-%D8%B4%D9%8A%D9%81%D8%B1%D9%88%D9%84%D9%8A%D9%87-%D8%A7%D9%88%D8%A8%D8%AA%D8%B1%D8%A7-gp50
,Zait and Filters,850.00,True,DAEWHA,قلب طلمبه بنزين بالفلتر شيفروليه اوبترا 2014 2015 2016 2017 2018 2019 2020 2021 2022 2023 DAEWHA,https://zaitandfilters.com/products/%D9%82%D9%84%D8%A8-%D8%B7%D9%84%D9%85%D8%A8%D9%87-%D8%A8%D9%86%D8%B2%D9%8A%D9%86-%D8%A8%D8%A7%D9%84%D9%81%D9%84%D8%AA%D8%B1-%D8%B4%D9%8A%D9%81%D8%B1%D9%88%D9%84%D9%8A%D9%87-%D8%A7%D9%88%D8%A8%D8%AA%D8%B1%D8%A7-2014-2015-2016-2017-2018-2019-2020-2021-2022-2023-DAEWHA
,AutoSpare,890.00,True,CORAM,بلية أمامي شيفروليه اوبترا GP50,https://autospare.com.eg/products/bly-amamy-shyfrolyh-aobtra-gp50
,AutoSpare,900.00,True,,ضاغط كلاكس شيفروليه اوبترا,https://autospare.com.eg/products/%D8%B6%D8%A7%D8%BA%D8%B7-%D9%83%D9%84%D8%A7%D9%83%D8%B3-%D8%B4%D9%8A%D9%81%D8%B1%D9%88%D9%84%D9%8A%D9%87-%D8%A7%D9%88%D8%A8%D8%AA%D8%B1%D8%A7-gm
,AutoSpare,950.00,True,,طقم طنابير خلفى شيفروليه نيو اوبترا,https://autospare.com.eg/products/tnborh-khlf-shyforlyh-nyo-aobtra
,AutoSpare,950.00,True,PHC VALEO,بلية شداد كاتينه 2010 شيفروليه اوبترا,https://autospare.com.eg/products/%D8%A8%D9%84%D9%8A%D8%A9-%D8%B4%D8%AF%D8%A7%D8%AF-%D9%83%D8%A7%D8%AA%D9%8A%D9%86%D9%87-2010-%D8%B4%D9%8A%D9%81%D9%88%D8%B1%D9%84%D9%8A%D9%87-%D8%A7%D9%88%D8%A8%D8%AA%D8%B1%D8%A7
,AutoSpare,950.00,True,,خرطوم عجل شيفروليه اوبترا,https://autospare.com.eg/products/%D8%AE%D8%B1%D8%B7%D9%88%D9%85-%D8%B9%D8%AC%D9%84-%D8%B4%D9%8A%D9%81%D8%B1%D9%88%D9%84%D9%8A%D9%87-%D8%A7%D9%88%D8%A8%D8%AA%D8%B1%D8%A7
,AutoSpare,955.00,True,,طقم فوانيس شبورة شيفروليه اوبترا,https://autospare.com.eg/products/%D8%B7%D9%82%D9%85-%D9%81%D9%88%D8%A7%D9%86%D9%8A%D8%B3-%D8%B4%D8%A8%D9%88%D8%B1%D8%A9-%D8%B4%D9%8A%D9%81%D8%B1%D9%88%D9%84%D9%8A%D9%87-%D8%A7%D9%88%D8%A8%D8%AA%D8%B1%D8%A7
,AutoSpare,970.00,True,GSP,ماستر فرامل عمومي 2 مخرج اوتوماتيك شيفروليه اوبترا,https://autospare.com.eg/products/mastr-framl-aamomy-aotomatyk-shyfrolyh-aobtra
,Amazon Egypt,975.00,,,2007-2013 OPTRA FRONT BRAKE PILLOW KORY GOLD,https://www.amazon.eg/dp/B0CZS8764Y
,AutoSpare,980.00,True,DEBO,فانوس خلفي يمين شيفرولية اوبترا,https://autospare.com.eg/products/%D9%81%D8%A7%D9%86%D9%88%D8%B3-%D8%AE%D9%84%D9%81%D9%8A-%D9%8A%D9%85%D9%8A%D9%86-%D8%B4%D9%8A%D9%81%D8%B1%D9%88%D9%84%D9%8A%D8%A9-%D8%A7%D9%88%D8%A8%D8%AA%D8%B1%D8%A7
,AutoSpare,1000.00,True,,موبينة شيفروليه أوبترا,https://autospare.com.eg/products/%D9%85%D9%88%D8%A8%D9%8A%D9%86%D8%A9-%D8%B4%D9%8A%D9%81%D8%B1%D9%88%D9%84%D9%8A%D9%87-%D8%A3%D9%88%D8%A8%D8%AA%D8%B1%D8%A7
,AutoSpare,1000.00,True,UNICO,باغة فانوس امامى يمين شيفروليه نيو اوبترا,https://autospare.com.eg/products/%D8%A8%D8%A7%D8%BA%D8%A9-%D9%83%D8%B4%D8%A7%D9%81-%D8%A7%D9%85%D8%A7%D9%85%D9%89-%D9%8A%D9%85%D9%8A%D9%86-%D8%B4%D9%8A%D9%81%D8%B1%D9%88%D9%84%D9%8A%D9%87-%D9%86%D9%8A%D9%88-%D8%A7%D9%88%D8%A8%D8%AA%D8%B1%D8%A7
,AutoSpare,1000.00,True,,طقم كابل فرامل يد شيفروليه اوبترا,https://autospare.com.eg/products/%D9%83%D8%A7%D8%A8%D9%84-%D9%81%D8%B1%D8%A7%D9%85%D9%84-%D9%8A%D8%AF-%D9%8A%D9%85%D9%8A%D9%86-%D8%B4%D9%8A%D9%81%D8%B1%D9%88%D9%84%D9%8A%D9%87-%D8%A7%D9%88%D8%A8%D8%AA%D8%B1%D8%A7
,AutoSpare,1050.00,True,GO1,ماستر فرامل عمومي 2 مخرج شيفروليه اوبترا,https://autospare.com.eg/products/mastr-framl-aamomy-shyfrolyh-aobtra
,AutoSpare,1050.00,True,TRW,بلية\بكرة شداد سير مجموعة شيفرولية نيو اوبترا,https://autospare.com.eg/products/%D8%A8%D9%84%D9%8A%D8%A9%D8%A8%D9%83%D8%B1%D8%A9-%D8%B4%D8%AF%D8%A7%D8%AF-%D8%B3%D9%8A%D8%B1-%D9%85%D8%AC%D9%85%D9%88%D8%B9%D8%A9-%D8%B4%D9%8A%D9%81%D8%B1%D9%88%D9%84%D9%8A%D8%A9-%D9%86%D9%8A%D9%88-%D8%A7%D9%88%D8%A8%D8%AA%D8%B1%D8%A7
,AutoSpare,1100.00,False,,كابل فرامل يد شمال شيفروليه اوبترا,https://autospare.com.eg/products/%D9%83%D8%A7%D8%A8%D9%84-%D9%81%D8%B1%D8%A7%D9%85%D9%84-%D9%8A%D8%AF-%D8%B4%D9%85%D8%A7%D9%84-%D8%B4%D9%8A%D9%81%D8%B1%D9%88%D9%84%D9%8A%D9%87-%D8%A7%D9%88%D8%A8%D8%AA%D8%B1%D8%A7
,AutoSpare,1100.00,True,,موبينه شيفروليه اوبترا GP50,https://autospare.com.eg/products/%D9%85%D9%88%D8%A8%D9%8A%D9%86%D8%A9-%D8%B4%D9%8A%D9%81%D8%B1%D9%88%D9%84%D9%8A%D9%87-%D8%A7%D9%88%D8%A8%D8%AA%D8%B1%D8%A7-gp50
,AutoSpare,1200.00,True,GSP,ماستر فرامل عمومى اوتوماتيك شيفروليه اوبترا,https://autospare.com.eg/products/mastr-framl-aotomatyk-shyfrolyh-aobtra
,AutoSpare,1200.00,True,,موبينه شيفروليه اوبترا,https://autospare.com.eg/products/%D9%85%D9%88%D8%A8%D9%8A%D9%86%D8%A9-%D8%B4%D9%8A%D9%81%D8%B1%D9%88%D9%84%D9%8A%D9%87-%D8%A7%D9%88%D8%A8%D8%AA%D8%B1%D8%A7
,AutoSpare,1200.00,True,PHG,شداد فتيس خلفى شيفروليه اوبترا,https://autospare.com.eg/products/%D8%B4%D8%AF%D8%A7%D8%AF-%D9%81%D8%AA%D9%8A%D8%B3-%D8%AE%D9%84%D9%81%D9%89-%D8%B4%D9%8A%D9%81%D9%88%D8%B1%D9%84%D9%8A%D9%87-%D8%A7%D9%88%D8%A8%D8%AA%D8%B1%D8%A7
,AutoSpare,1200.00,True,GSP,موبينة 4 طرف شيفروليه اوبترا,https://autospare.com.eg/products/%D9%85%D9%88%D8%A8%D9%8A%D9%86%D8%A9-4-%D8%B7%D8%B1%D9%81-%D8%B4%D9%8A%D9%81%D8%B1%D9%88%D9%84%D9%8A%D9%87-%D8%A7%D9%88%D8%A8%D8%AA%D8%B1%D8%A7-1
,AutoSpare,1200.00,True,ISQ,بكرة شداد دينامو بالقاعدة شيفروليه نيو اوبترا,https://autospare.com.eg/products/%D8%A8%D9%83%D8%B1%D8%A9-%D8%B4%D8%AF%D8%A7%D8%AF-%D8%AF%D9%8A%D9%86%D8%A7%D9%85%D9%88-%D8%A8%D8%A7%D9%84%D9%82%D8%A7%D8%B9%D8%AF%D8%A9-%D8%B4%D9%8A%D9%81%D8%B1%D9%88%D9%84%D9%8A%D9%87-%D9%86%D9%8A%D9%88-%D8%A7%D9%88%D8%A8%D8%AA%D8%B1%D8%A7
,AutoSpare,1200.00,True,,موتور زجاج امامي يمين شيفروليه اوبترا,https://autospare.com.eg/products/%D9%85%D9%88%D8%AA%D9%88%D8%B1-%D8%B2%D8%AC%D8%A7%D8%AC-%D8%A7%D9%85%D8%A7%D9%85%D9%8A-%D9%8A%D9%85%D9%8A%D9%86-%D8%B4%D9%8A%D9%81%D8%B1%D9%88%D9%84%D9%8A%D8%A9-%D8%A7%D9%88%D8%A8%D8%AA%D8%B1%D8%A7
,AutoSpare,1250.00,True,CR,ماستر فرامل عمومى اوتوماتيك شيفروليه اوبترا,https://autospare.com.eg/products/%D9%85%D8%A7%D8%B3%D8%AA%D8%B1-%D9%81%D8%B1%D8%A7%D9%85%D9%84-%D8%B9%D9%85%D9%88%D9%85%D9%89-%D8%A7%D9%88%D8%AA%D9%88%D9%85%D8%A7%D8%AA%D9%8A%D9%83-%D8%B4%D9%8A%D9%81%D8%B1%D9%88%D9%84%D9%8A%D9%87-%D8%A7%D9%88%D8%A8%D8%AA%D8%B1%D8%A7-1
,Zait and Filters,1265.00,True,HSC,بكرة سير دينامو كاملة اوبترا 2004 2005 2006 2007 2008 2009 2010 2011 2012 2013 2014 HSC,https://zaitandfilters.com/products/%D8%A8%D9%83%D8%B1%D8%A9-%D8%B3%D9%8A%D8%B1-%D8%AF%D9%8A%D9%86%D8%A7%D9%85%D9%88-%D9%83%D8%A7%D9%85%D9%84%D8%A9-%D8%A3%D9%88%D8%A8%D8%AA%D8%B1%D8%A7-2004-2005-2006-2007-2008-2009-2010-2011-2012-2013-2014-hsc
,Egy Car Parts,1300.00,True,After-Market,ضبط محمل شد حزام التوقيت كوري (شيفروليه أوبترا),https://egycarparts.com/products/set-timing-belt-tensioner-bearing-korean-chevrolet-optra
,Tawfiqia,1300.00,False,,طقم مساعدين خلفى SK  غاز أوبترا,https://tawfiqia.com/ar/product-detail/طقم-مساعدين-خلفى-sk-غاز-أوبترا/7701
,AutoSpare,1350.00,True,,ماستر فرامل عمومي شيفروليه نيو اوبترا,https://autospare.com.eg/products/%D9%85%D8%A7%D8%B3%D8%AA%D8%B1-%D9%81%D8%B1%D8%A7%D9%85%D9%84-%D8%B9%D9%85%D9%88%D9%85%D9%8A-%D8%B4%D9%8A%D9%81%D8%B1%D9%88%D9%84%D9%8A%D9%87-%D9%86%D9%8A%D9%88-%D8%A7%D9%88%D8%A8%D8%AA%D8%B1%D8%A7
,AutoSpare,1400.00,True,HSC,بكرة سير دينامو كاملة شيفروليه اوبترا,https://autospare.com.eg/products/%D8%A8%D9%83%D8%B1%D8%A9-%D8%B3%D9%8A%D8%B1-%D8%AF%D9%8A%D9%86%D8%A7%D9%85%D9%88-%D9%83%D8%A7%D9%85%D9%84%D8%A9-%D8%B4%D9%8A%D9%81%D9%88%D8%B1%D9%84%D9%8A%D9%87-%D8%A7%D9%88%D8%A8%D8%AA%D8%B1%D8%A7
,AutoSpare,1400.00,True,,فانوس شبورة شمال شيفروليه اوبترا,https://autospare.com.eg/products/%D9%81%D8%A7%D9%86%D9%88%D8%B3-%D8%B4%D8%A8%D9%88%D8%B1%D8%A9-%D8%B4%D9%85%D8%A7%D9%84-%D8%B4%D9%8A%D9%81%D8%B1%D9%88%D9%84%D9%8A%D9%87-%D8%A7%D9%88%D8%A8%D8%AA%D8%B1%D8%A7
,AutoSpare,1500.00,True,,شدادة دينامو شيفروليه اوبترا,https://autospare.com.eg/products/%D8%B4%D8%AF%D8%A7%D8%AF%D8%A9-%D8%AF%D9%8A%D9%86%D8%A7%D9%85%D9%88-%D8%B4%D9%8A%D9%81%D8%B1%D9%88%D9%84%D9%8A%D9%87-%D8%A7%D9%88%D8%A8%D8%AA%D8%B1%D8%A7
,AutoSpare,1550.00,True,CAESER,طقم طنابير خلفى شيفروليه اوبترا,https://autospare.com.eg/products/%D8%B7%D9%82%D9%85-%D8%B7%D9%86%D8%A7%D8%A8%D9%8A%D8%B1-%D8%AE%D9%84%D9%81%D9%89-%D8%B4%D9%8A%D9%81%D8%B1%D9%88%D9%84%D9%8A%D9%87-%D8%A7%D9%88%D8%A8%D8%AA%D8%B1%D8%A7
,Zait and Filters,1560.00,True,GATES,شداد سير مجموعة بالبلية اوبترا 2004 2005 2006 2007 2008 2009 2010 2011 2012 2013 2014 GATES,https://zaitandfilters.com/products/%D8%B4%D8%AF%D8%A7%D8%AF-%D8%B3%D9%8A%D8%B1-%D9%85%D8%AC%D9%85%D9%88%D8%B9%D8%A9-%D8%A8%D8%A7%D9%84%D8%A8%D9%84%D9%8A%D8%A9-%D8%A3%D9%88%D8%A8%D8%AA%D8%B1%D8%A7-2004-2005-2006-2007-2008-2009-2010-2011-2012-2013-2014-gates
,AutoSpare,1600.00,True,,شمعدان يمين شيفرولية نيو اوبترا,https://autospare.com.eg/products/shmaadan-shyfroly-nyo-aobtra-ymyn
,AutoSpare,1600.00,True,,شمعدان شمال شيفرولية نيو اوبترا,https://autospare.com.eg/products/shmaadan-shyfroly-nyo-aobtra-shmal
,AutoSpare,1600.00,True,TCIC,ماستر فرامل عمومى اوتوماتيك شيفروليه اوبترا,https://autospare.com.eg/products/%D9%85%D8%A7%D8%B3%D8%AA%D8%B1-%D9%81%D8%B1%D8%A7%D9%85%D9%84-%D8%B9%D9%85%D9%88%D9%85%D9%89-%D8%A7%D9%88%D8%AA%D9%88%D9%85%D8%A7%D8%AA%D9%8A%D9%83-%D8%B4%D9%8A%D9%81%D8%B1%D9%88%D9%84%D9%8A%D9%87-%D8%A7%D9%88%D8%A8%D8%AA%D8%B1%D8%A7
,AutoSpare,1690.00,True,GATES,شداد سير مجموعة شيفروليه اوبترا,https://autospare.com.eg/products/%D8%B4%D8%AF%D8%A7%D8%AF-%D8%B3%D9%8A%D8%B1-%D9%85%D8%AC%D9%85%D9%88%D8%B9%D8%A9-%D8%B4%D9%8A%D9%81%D9%88%D8%B1%D9%84%D9%8A%D9%87-%D8%A7%D9%88%D8%A8%D8%AA%D8%B1%D8%A7
,AutoSpare,1770.00,True,,شداد سير دينامو شيفروليه اوبترا GP50,https://autospare.com.eg/products/%D8%B4%D8%AF%D8%A7%D8%AF-%D8%B3%D9%8A%D8%B1-%D8%AF%D9%8A%D9%86%D8%A7%D9%85%D9%88-%D8%B4%D9%8A%D9%81%D8%B1%D9%88%D9%84%D9%8A%D9%87-%D8%A7%D9%88%D8%A8%D8%AA%D8%B1%D8%A7-gp50
,AutoSpare,1800.00,True,OTO KOR,طقم طنابير عجل امامي شيفروليه اوبترا,https://autospare.com.eg/products/%D8%B7%D9%82%D9%85-%D8%B7%D9%86%D8%A7%D8%A8%D9%8A%D8%B1-%D8%B9%D8%AC%D9%84-%D8%A7%D9%85%D8%A7%D9%85%D9%8A-%D8%B4%D9%8A%D9%81%D8%B1%D9%88%D9%84%D9%8A%D9%87-%D8%A7%D9%88%D8%A8%D8%AA%D8%B1%D8%A7
,AutoSpare,1850.00,True,,مفتاح زجاج رباعي نيو اوبترا,https://autospare.com.eg/products/%D9%85%D9%81%D8%AA%D8%A7%D8%AD-%D8%B2%D8%AC%D8%A7%D8%AC-%D8%B1%D8%A8%D8%A7%D8%B9%D9%8A-%D9%86%D9%8A%D9%88-%D8%A7%D9%88%D8%A8%D8%AA%D8%B1%D8%A7
,Tawfiqia,1850.00,False,,طقم مساعد أمامى ماندو غاز أوبترا,https://tawfiqia.com/ar/product-detail/طقم-مساعد-أمامى-ماندو-غاز-أوبترا/7832
,AutoSpare,1900.00,True,,فانوس امامى شمال شيفروليه اوبترا,https://autospare.com.eg/products/%D9%81%D8%A7%D9%86%D9%88%D8%B3-%D8%A7%D9%85%D8%A7%D9%85%D9%89-%D8%B4%D9%85%D8%A7%D9%84-%D8%B4%D9%8A%D9%81%D8%B1%D9%88%D9%84%D9%8A%D9%87-%D8%A7%D9%88%D8%A8%D8%AA%D8%B1%D8%A7
,Tawfiqia,1900.00,True,,طقم مساعدين امامى SK  غاز أوبترا,https://tawfiqia.com/ar/product-detail/طقم-مساعدين-امامى-sk-غاز-أوبترا/7700
,AutoSpare,1950.00,True,GL-MAX,طقم طنابير خلفى شيفرولية نيو اوبترا,https://autospare.com.eg/products/%D8%B7%D9%82%D9%85-%D8%B7%D9%86%D8%A7%D8%A8%D9%8A%D8%B1-%D8%AE%D9%84%D9%81%D9%89-%D8%B4%D9%8A%D9%81%D8%B1%D9%88%D9%84%D9%8A%D8%A9-%D9%86%D9%8A%D9%88-%D8%A7%D9%88%D8%A8%D8%AA%D8%B1%D8%A7
,AutoSpare,2050.00,True,,فانوس أمامي شمال شيفروليه اوبترا,https://autospare.com.eg/products/%D9%81%D8%A7%D9%86%D9%88%D8%B3-%D8%A3%D9%85%D8%A7%D9%85%D9%8A-%D8%B4%D9%85%D8%A7%D9%84-%D8%B4%D9%8A%D9%81%D8%B1%D9%88%D9%84%D9%8A%D9%87-%D8%A7%D9%88%D8%A8%D8%AA%D8%B1%D8%A7
,AutoSpare,2050.00,True,,فانوس أمامي يمين شيفروليه اوبترا,https://autospare.com.eg/products/%D9%81%D8%A7%D9%86%D9%88%D8%B3-%D8%A3%D9%85%D8%A7%D9%85%D9%8A-%D9%8A%D9%85%D9%8A%D9%86-%D8%B4%D9%8A%D9%81%D8%B1%D9%88%D9%84%D9%8A%D9%87-%D8%A7%D9%88%D8%A8%D8%AA%D8%B1%D8%A7
,AutoSpare,2100.00,True,EGX,طقم طنابير امامى اوبترا,https://autospare.com.eg/products/%D8%B7%D9%82%D9%85-%D8%B7%D9%86%D8%A7%D8%A8%D9%8A%D8%B1-%D8%A7%D9%85%D8%A7%D9%85%D9%89-%D9%86%D9%8A%D9%88-%D8%A7%D9%88%D8%A8%D8%AA%D8%B1%D8%A7-1
,AutoSpare,2200.00,True,,ماستر فرامل شيفروليه اوبترا GP50,https://autospare.com.eg/products/%D9%85%D8%A7%D8%B3%D8%AA%D8%B1-%D9%81%D8%B1%D8%A7%D9%85%D9%84-%D8%B4%D9%8A%D9%81%D8%B1%D9%88%D9%84%D9%8A%D9%87-%D8%A7%D9%88%D8%A8%D8%AA%D8%B1%D8%A7-gp50
,AutoSpare,2200.00,True,,شداد سير دينامو شيفروليه اوبترا GP50 (المعدل),https://autospare.com.eg/products/%D8%B4%D8%AF%D8%A7%D8%AF-%D8%B3%D9%8A%D8%B1-%D8%AF%D9%8A%D9%86%D8%A7%D9%85%D9%88-%D8%B4%D9%8A%D9%81%D8%B1%D9%88%D9%84%D9%8A%D9%87-%D8%A7%D9%88%D8%A8%D8%AA%D8%B1%D8%A7-gp50-%D8%A7%D9%84%D9%85%D8%B9%D8%AF%D9%84
,AutoSpare,2300.00,True,,شداد دينامو GP51 شيفروليه اوبترا GP50,https://autospare.com.eg/products/%D8%B4%D8%AF%D8%A7%D8%AF-%D8%AF%D9%8A%D9%86%D8%A7%D9%85%D9%88-gp51-%D8%B4%D9%8A%D9%81%D8%B1%D9%88%D9%84%D9%8A%D9%87-%D8%A7%D9%88%D8%A8%D8%AA%D8%B1%D8%A7-gp50
,AutoSpare,2400.00,True,,فانوس خلفي يمين شيفروليه نيو أوبترا,https://autospare.com.eg/products/%D9%81%D8%A7%D9%86%D9%88%D8%B3-%D8%AE%D9%84%D9%81%D9%8A-%D9%8A%D9%85%D9%8A%D9%86-%D8%B4%D9%8A%D9%81%D8%B1%D9%88%D9%84%D9%8A%D9%87-%D9%86%D9%8A%D9%88-%D8%A3%D9%88%D8%A8%D8%AA%D8%B1%D8%A7
,AutoSpare,2400.00,True,,فانوس خلفي شمال شيفروليه نيو أوبترا,https://autospare.com.eg/products/%D9%81%D8%A7%D9%86%D9%88%D8%B3-%D8%AE%D9%84%D9%81%D9%8A-%D8%B4%D9%85%D8%A7%D9%84-%D8%B4%D9%8A%D9%81%D8%B1%D9%88%D9%84%D9%8A%D9%87-%D9%86%D9%8A%D9%88-%D8%A3%D9%88%D8%A8%D8%AA%D8%B1%D8%A7
,Tawfiqia,2450.00,True,,طقم مساعدين خلفي شيفروليه اوبترا  2005-2013     MONROE ORIGINAL,https://tawfiqia.com/ar/product-detail/طقم-مساعدين-خلفي-شيفروليه-اوبترا-2005-2013-monroe-original/4181
,AutoSpare,2500.00,True,,سويتش زجاج رباعي شيفروليه اوبترا GP50,https://autospare.com.eg/products/%D8%B3%D9%88%D9%8A%D8%AA%D8%B4-%D8%B2%D8%AC%D8%A7%D8%AC-%D8%B1%D8%A8%D8%A7%D8%B9%D9%8A-%D8%B4%D9%8A%D9%81%D8%B1%D9%88%D9%84%D9%8A%D9%87-%D8%A7%D9%88%D8%A8%D8%AA%D8%B1%D8%A7-gp50
,AutoSpare,2550.00,True,,07 سويتش زجاج رباعى شيفروليه اوبترا,https://autospare.com.eg/products/07-%D8%B3%D9%88%D9%8A%D8%AA%D8%B4-%D8%B2%D8%AC%D8%A7%D8%AC-%D8%B1%D8%A8%D8%A7%D8%B9%D9%89-%D8%B4%D9%8A%D9%81%D8%B1%D9%88%D9%84%D9%8A%D9%87-%D8%A7%D9%88%D8%A8%D8%AA%D8%B1%D8%A7
,AutoSpare,2550.00,True,,فجوة فانوس امامي يمين شيفروليه اوبترا,https://autospare.com.eg/products/%D9%81%D8%AC%D9%88%D8%A9-%D9%81%D8%A7%D9%86%D9%88%D8%B3-%D8%A7%D9%85%D8%A7%D9%85%D9%8A-%D9%8A%D9%85%D9%8A%D9%86-%D8%B4%D9%8A%D9%81%D8%B1%D9%88%D9%84%D9%8A%D9%87-%D8%A7%D9%88%D8%A8%D8%AA%D8%B1%D8%A7
,AutoSpare,2650.00,True,BOSCH,طقم طنابير امامى نيو اوبترا,https://autospare.com.eg/products/%D8%B7%D9%82%D9%85-%D8%B7%D9%86%D8%A7%D8%A8%D9%8A%D8%B1-%D8%A7%D9%85%D8%A7%D9%85%D9%89-%D9%86%D9%8A%D9%88-%D8%A7%D9%88%D8%A8%D8%AA%D8%B1%D8%A7
,AutoSpare,2700.00,True,,طقم فانوس خلفى شيفروليه اوبترا,https://autospare.com.eg/products/%D9%81%D8%A7%D9%86%D9%88%D8%B3-%D8%AE%D9%84%D9%81%D9%89-%D8%B4%D9%85%D8%A7%D9%84-%D8%B4%D9%8A%D9%81%D8%B1%D9%88%D9%84%D9%8A%D9%87-%D8%A7%D9%88%D8%A8%D8%AA%D8%B1%D8%A7
,AutoSpare,2700.00,True,CTL,طقم طنابير امامى نيو اوبترا,https://autospare.com.eg/products/%D8%B7%D9%82%D9%85-%D8%B7%D9%86%D8%A7%D8%A8%D9%8A%D8%B1-%D8%A7%D9%85%D8%A7%D9%85%D9%89-%D9%86%D9%8A%D9%88-%D8%A7%D9%88%D8%A8%D8%AA%D8%B1%D8%A7-2
,AutoSpare,2750.00,True,,طنابير خلفية شيفروليه اوبترا,https://autospare.com.eg/products/%D8%AF%D8%B3%D9%83%D8%A7%D8%AA-%D8%AE%D9%84%D9%81%D9%8A%D8%A9-%D8%B4%D9%8A%D9%81%D8%B1%D9%88%D9%84%D9%8A%D9%87-%D8%A7%D9%88%D8%A8%D8%AA%D8%B1%D8%A7
,Tawfiqia,3150.00,True,,طنبورة امامي شيفروليه اوبترا BOSCH,https://tawfiqia.com/ar/product-detail/طنبورة-امامي-شيفروليه-اوبترا-bosch/10669
,Tawfiqia,3400.00,True,,طقم مساعد خلفى ماندو غاز أوبترا,https://tawfiqia.com/ar/product-detail/طقم-مساعد-خلفى-ماندو-غاز-أوبترا/7833
,Tawfiqia,3465.00,True,,كيت كامل - كاتينة 127 عقلة CHEVROLET OPTRA,https://tawfiqia.com/ar/product-detail/كيت-كامل-كاتينة-127-عقلة-chevrolet-optra/10842
,Tawfiqia,3530.00,False,,مساعد شيفروليه اوبترا غاز,https://tawfiqia.com/ar/product-detail/مساعد-شيفروليه-اوبترا-غاز/10345
,Tawfiqia,3600.00,True,,طقم مساعدين امامى شيفروليه اوبترا شكل قديم MONROE ORIGINAL,https://tawfiqia.com/ar/product-detail/طقم-مساعدين-امامى-شيفروليه-اوبترا-2005-2013-monroe-original/4160
,AutoSpare,5300.00,True,,طقم فانوس اضاءه أمامي شيفروليه نيو أوبترا,https://autospare.com.eg/products/%D8%B7%D9%82%D9%85-%D9%81%D8%A7%D9%86%D9%88%D8%B3-%D8%A7%D8%B6%D8%A7%D8%A1%D9%87-%D8%A3%D9%85%D8%A7%D9%85%D9%8A-%D8%B4%D9%8A%D9%81%D8%B1%D9%88%D9%84%D9%8A%D9%87-%D9%86%D9%8A%D9%88-%D8%A3%D9%88%D8%A8%D8%AA%D8%B1%D8%A7-1
,AutoSpare,5350.00,False,,طقم فوانيس اضاءه أمامي شيفروليه نيو أوبترا,https://autospare.com.eg/products/%D8%B7%D9%82%D9%85-%D9%81%D9%88%D8%A7%D9%86%D9%8A%D8%B3-%D8%A7%D8%B6%D8%A7%D8%A1%D9%87-%D8%A3%D9%85%D8%A7%D9%85%D9%8A-%D8%B4%D9%8A%D9%81%D8%B1%D9%88%D9%84%D9%8A%D9%87-%D9%86%D9%8A%D9%88-%D8%A3%D9%88%D8%A8%D8%AA%D8%B1%D8%A7
